,course link,image_link,course_name,organistaion_name,Registration,time_left,hashtags,fee
0,https://unstop.com//creative-cultural-event/minimal-movie-poster-design-challenge-sardar-vallabhbhai-national-institute-of-technology-svnit--361465,https://d8it4huxumps7.cloudfront.net/uploads/images/opportunity/mobile_banner/62adcca812137_minimal-movie-poster-design-challenge.png?d=340x195, Minimal Movie Poster Design Challenge ," Sardar Vallabhbhai National Institute of Technology (SVNIT), Surat ", 27  days left , 27  days left ,[' #cultural  #Open to All '],"4,500"
1,https://unstop.com//job/associate-sdet-i-dunzo-361428,https://d8it4huxumps7.cloudfront.net/uploads/images/opportunity/mobile_banner/62ad437d30fcb_sdet-i.jpg?d=340x195, Associate SDET - I , Dunzo , 20  days left , 20  days left ,[' #Jobs  #Engineering Students '],0
2,https://unstop.com//job/uiux-designer-ola-361362,https://d8it4huxumps7.cloudfront.net/lambda-pdfs/opportunity-bannerImages/1655478554.png?d=340x195, UI/UX Designer , OLA , 12  days left , 12  days left ,[' #Jobs  #Open to All '],0
3,https://unstop.com//creative-cultural-event/photophile-yaapt-361339,https://d8it4huxumps7.cloudfront.net/uploads/images/opportunity/mobile_banner/62ad8f025ae49_photophile.jpg?d=340x195, Photophile , Yaapt , 5  days left , 5  days left ,[' #cultural  #Open to All '],"5,000"
4,https://unstop.com//workshop/youth-2-business-youth-2-business-aiesec-361336,https://d8it4huxumps7.cloudfront.net/lambda-pdfs/opportunity-bannerImages/1655479402.png?d=340x195, Youth 2 Business  - Youth 2 Business , AIESEC , 5  days left , 5  days left ,[' #Conferences  #Open to All '],"15,000"
5,https://unstop.com//workshop/analytics-gurus-speaker-sessions-the-analytics-conclave-2022-shaheed-sukhdev-college-of-business-studies-sscbs--361335,https://d8it4huxumps7.cloudfront.net/uploads/images/opportunity/mobile_banner/62ac8567ac43c_speaker-session.png?d=340x195, Analytics Gurus | Speaker Sessions  - The Analytics Conclave 2022 ," Shaheed Sukhdev College of Business Studies (SSCBS), University of Delhi (DU), Delhi ", 6  days left , 6  days left ,[' #Conferences  #Open to All '],0
6,https://unstop.com//workshop/electrical-engineering-program-online-information-session-university-of-washington-361323,https://d8it4huxumps7.cloudfront.net/lambda-pdfs/opportunity-bannerImages/1655469210.png?d=340x195, Electrical Engineering Program- Online Information Session , University of Washington , 4  days left , 4  days left ,[' #Conferences  #Engineering Students '],0
7,https://unstop.com//internship/marketing-internship-wwf-india-361320,https://d8it4huxumps7.cloudfront.net/uploads/images/opportunity/mobile_banner/62ac79ed5716a_marketing-intern.png?d=340x195, Marketing Internship , WWF India , 19  days left , 19  days left ,[' #Internships  #Open to All '],0
8,https://unstop.com//job/consumer-goods-contractor-boston-consulting-group-bcg-361313,https://d8it4huxumps7.cloudfront.net/uploads/images/opportunity/mobile_banner/62ac6cbad9e44_consumer-goods-contractor.jpg?d=340x195, Consumer Goods Contractor , Boston Consulting Group (BCG) , 19  days left , 19  days left ,[' #Jobs  #Open to All '],0
9,https://unstop.com//job/knowledge-collaboration-solutions-contractor-boston-consulting-group-bcg-361305,https://d8it4huxumps7.cloudfront.net/uploads/images/opportunity/mobile_banner/62ac6a76879c8_knowledge-collaboration-solutions-contractor.jpg?d=340x195, Knowledge & Collaboration Solutions Contractor , Boston Consulting Group (BCG) , 19  days left , 19  days left ,[' #Jobs  #Open to All '],0
10,https://unstop.com//job/student-ambassador-data-driven-supply-chain-transformation-national-institute-of-industrial-engineering-nitie-mumbai-361296,https://d8it4huxumps7.cloudfront.net/uploads/images/opportunity/mobile_banner/62ac82c01a5be_student-ambassador-data-driven-supply-chain-transformation.png?d=340x195, Student Ambassador - Data Driven Supply Chain Transformation ," National Institute of Industrial Engineering (NITIE), Mumbai ", 1 day left , 1 day left ,[' #Jobs  #Open to All '],0
11,https://unstop.com//internship/marketing-internship-skillovilla-technologies-private-limited-361288,https://d8it4huxumps7.cloudfront.net/lambda-pdfs/opportunity-bannerImages/1655470680.png?d=340x195, Marketing Internship , SkilloVilla Technologies Private Limited , 4  days left , 4  days left ,[' #Internships  #Engineering Students  #MBA Students  #Undergraduate  #Corporate '],0
12,https://unstop.com//job/computer-scientist-adobe-inc-361280,https://d8it4huxumps7.cloudfront.net/uploads/images/opportunity/mobile_banner/62ac50153f699_2022-university-graduate-computer-scientist.jpg?d=340x195, Computer Scientist , Adobe Inc. , 18  days left , 18  days left ,[' #Jobs  #Engineering Students '],0
13,https://unstop.com//job/software-engineering-specialist-general-electric-361276,https://d8it4huxumps7.cloudfront.net/lambda-pdfs/opportunity-bannerImages/1655458627.png?d=340x195, Software Engineering Specialist , General Electric , 12  days left , 12  days left ,[' #Jobs  #Engineering Students '],0
14,https://unstop.com//job/junior-research-associate-ipr-itc-limited-361273,https://d8it4huxumps7.cloudfront.net/lambda-pdfs/opportunity-bannerImages/1655464758.png?d=340x195, Junior Research Associate - IPR , ITC Limited , 19  days left , 19  days left ,[' #Jobs  #Engineering Students '],0
15,https://unstop.com//job/principal-software-engineer-cadence-361240,https://d8it4huxumps7.cloudfront.net/lambda-pdfs/opportunity-bannerImages/1655459880.png?d=340x195, Principal Software Engineer , Cadence , 12  days left , 12  days left ,[' #Jobs  #Engineering Students '],0
16,https://unstop.com//internship/walnut-campus-ambassador-program-walnut-health-club-361233,https://d8it4huxumps7.cloudfront.net/uploads/images/opportunity/mobile_banner/62ac3e6faf615_walnut-campus-ambassador-program.png?d=340x195, Walnut Campus Ambassador Program , Walnut Health Club , 19  days left , 19  days left ,[' #Internships  #Open to All '],0
17,https://unstop.com//internship/analytics-internship-wells-fargo-361221,https://d8it4huxumps7.cloudfront.net/uploads/images/opportunity/mobile_banner/62ac27923a332_analytics-intern.jpeg?d=340x195, Analytics Internship , Wells Fargo , 19  days left , 19  days left ,[' #Internships  #Graduate  #Postgraduate  #Undergraduate '],0
18,https://unstop.com//internship/electrical-engineering-internship-thermo-fisher-scientific-361214,https://d8it4huxumps7.cloudfront.net/uploads/images/opportunity/mobile_banner/62ac20463f6c5_electrical-engineering-internship.jpeg?d=340x195, Electrical Engineering Internship , Thermo Fisher Scientific , 19  days left , 19  days left ,[' #Internships  #Graduate  #Postgraduate  #Undergraduate '],0
19,https://unstop.com//internship/strategic-sales-internship-razorpay-india-361211,https://d8it4huxumps7.cloudfront.net/uploads/images/opportunity/mobile_banner/62ac1c1e73dec_strategic-sales-internship.jpeg?d=340x195, Strategic Sales Internship , Razorpay -  India , 19  days left , 19  days left ,[' #Internships  #Graduate  #Postgraduate  #Undergraduate '],0
20,https://unstop.com//job/technical-product-specialist-siemens-361209,https://d8it4huxumps7.cloudfront.net/uploads/images/opportunity/mobile_banner/62ac19db7a577_technical-product-specialist-recently-graduated.jpeg?d=340x195, Technical Product Specialist , Siemens , 19  days left , 19  days left ,[' #Jobs  #Corporate  #Graduate  #Postgraduate '],0
21,https://unstop.com//job/ux-designer-barclays-361206,https://d8it4huxumps7.cloudfront.net/uploads/images/opportunity/mobile_banner/62ac183313f8a_ux-designer.jpg?d=340x195, UX Designer , Barclays , 19  days left , 19  days left ,[' #Jobs  #Engineering Students '],0
22,https://unstop.com//job/interactive-app-developer-grade-i-oceaneering-361199,https://d8it4huxumps7.cloudfront.net/uploads/images/opportunity/mobile_banner/62ac13b4d7747_interactive-app-developer-grade-i.jpeg?d=340x195," Interactive App Developer, Grade I ", Oceaneering , 19  days left , 19  days left ,[' #Jobs  #Engineering Students '],0
23,https://unstop.com//job/senior-quality-analytics-and-product-specialist-london-stock-exchange-group-360707,https://d8it4huxumps7.cloudfront.net/lambda-pdfs/opportunity-bannerImages/1655404136.png?d=340x195, Senior Quality Analytics and Product Specialist , London Stock Exchange Group , 11  days left , 11  days left ,[' #Jobs  #Open to All '],0
24,https://unstop.com//job/associate-analyst-deloitte-us-india-360624,https://d8it4huxumps7.cloudfront.net/lambda-pdfs/opportunity-bannerImages/1655394828.png?d=340x195, Associate Analyst , Deloitte US India , 11  days left , 11  days left ,[' #Jobs  #MBA Students  #Graduate '],0
25,https://unstop.com//job/software-engineer-deltatre-360610,https://d8it4huxumps7.cloudfront.net/lambda-pdfs/opportunity-bannerImages/1655399083.png?d=340x195, Software Engineer , deltatre , 11  days left , 11  days left ,[' #Jobs  #Engineering Students '],0
26,https://unstop.com//job/associate-software-engineer-blue-yonder-360605,https://d8it4huxumps7.cloudfront.net/uploads/images/opportunity/mobile_banner/62ab391d78e49_associate-software-engineer.jpg?d=340x195, Associate Software Engineer , Blue Yonder , 11  days left , 11  days left ,[' #Jobs  #Engineering Students '],0
27,https://unstop.com//competition/blackcoffer-insights-42-marketing-strategy-and-its-value-blackcoffer-360541,https://d8it4huxumps7.cloudfront.net/lambda-pdfs/opportunity-bannerImages/1655400082.png?d=340x195, Blackcoffer Insights 42: Marketing Strategy and its Value , Blackcoffer , 10  days left , 10  days left ,[' #competitions  #Open to All '],0
28,https://unstop.com//job/sales-representative-eli-lilly-company-360511,https://d8it4huxumps7.cloudfront.net/uploads/images/opportunity/mobile_banner/62ab2298463f0_sales-rep-neuro-and-diabetes-pc-division.png?d=340x195, Sales Representative , Eli Lilly & Company , 18  days left , 18  days left ,[' #Jobs  #Corporate  #Graduate  #Postgraduate '],0
29,https://unstop.com//job/materials-management-associate-thomson-reuters-360509,https://d8it4huxumps7.cloudfront.net/uploads/images/opportunity/mobile_banner/62ab216297019_materials-management-associate-distribution-mid-shift.jpeg?d=340x195, Materials Management Associate , Thomson Reuters , 18  days left , 18  days left ,[' #Jobs  #Corporate  #Graduate  #Postgraduate '],0
30,https://unstop.com//job/finance-analyst-emerson-360507,https://d8it4huxumps7.cloudfront.net/uploads/images/opportunity/mobile_banner/62ab1f53a75a8_analyst-finance.jpeg?d=340x195, Finance Analyst , Emerson , 18  days left , 18  days left ,[' #Jobs  #Corporate  #Graduate  #Postgraduate '],0
31,https://unstop.com//job/program-manager-google-360506,https://d8it4huxumps7.cloudfront.net/uploads/images/opportunity/mobile_banner/62ab1e7e1ff92_program-manager-managed-infrastructure-operations.jpeg?d=340x195, Program Manager , Google , 18  days left , 18  days left ,[' #Jobs  #Corporate  #Graduate  #Postgraduate '],0
32,https://unstop.com//internship/finance-internship-pfizer-360494,https://d8it4huxumps7.cloudfront.net/uploads/images/opportunity/mobile_banner/62ab15a1cdfac_internship.jpeg?d=340x195, Finance Internship , Pfizer , 18  days left , 18  days left ,[' #Internships  #Graduate  #Postgraduate  #Undergraduate '],0
33,https://unstop.com//job/staff-backend-developer-disneyhotstar-360488,https://d8it4huxumps7.cloudfront.net/lambda-pdfs/opportunity-bannerImages/1655406060.png?d=340x195, Staff Backend Developer , Disney+Hotstar , 11  days left , 11  days left ,[' #Jobs  #Graduate  #Engineering Students '],0
34,https://unstop.com//job/marketing-coordinator-fresh-prints-india-360485,https://d8it4huxumps7.cloudfront.net/lambda-pdfs/opportunity-bannerImages/1655378237.png?d=340x195, Marketing Coordinator ," Fresh Prints, India ", 4  days left , 4  days left ,[' #Jobs  #Open to All ']," 8,00,000 "
35,https://unstop.com//internship/human-resources-hr-internship-testbook-360474,https://d8it4huxumps7.cloudfront.net/lambda-pdfs/opportunity-bannerImages/1655405076.png?d=340x195, Human Resources (HR) Internship , Testbook , 18  days left , 18  days left ,[' #Internships  #Graduate  #Postgraduate  #Undergraduate '],0
36,https://unstop.com//internship/controllership-internship-microsoft-360470,https://d8it4huxumps7.cloudfront.net/uploads/images/opportunity/mobile_banner/62ab04e94e304_controllership-internship.jpeg?d=340x195, Controllership Internship , Microsoft , 18  days left , 18  days left ,[' #Internships  #Graduate  #Postgraduate  #Undergraduate '],0
37,https://unstop.com//internship/product-validation-internship-cadence-design-systems-360436,https://d8it4huxumps7.cloudfront.net/uploads/images/opportunity/mobile_banner/62ab03bc9f979_product-validation-internship.jpg?d=340x195, Product Validation Internship , Cadence Design Systems , 18  days left , 18  days left ,[' #Internships  #Graduate  #Postgraduate  #Undergraduate '],0
38,https://unstop.com//internship/human-resources-hr-internship-ubs-360408,https://d8it4huxumps7.cloudfront.net/uploads/images/opportunity/mobile_banner/62ab03f9ad16b_hr-onboarding-team.jpg?d=340x195, Human Resources (HR) Internship , UBS , 18  days left , 18  days left ,[' #Internships  #Open to All '],0
39,https://unstop.com//job/projects-associate-cognizant-360365,https://d8it4huxumps7.cloudfront.net/lambda-pdfs/opportunity-bannerImages/1655375829.png?d=340x195, Projects Associate , Cognizant , 3  days left , 3  days left ,[' #Jobs  #Engineering Students  #MBA Students  #Undergraduate '],0
40,https://unstop.com//internship/cloud-ops-engineer-citrix-360354,https://d8it4huxumps7.cloudfront.net/uploads/images/opportunity/mobile_banner/62aad486dece3_cloud-ops-engineer.jpg?d=340x195, Cloud Ops Engineer , Citrix , 11  days left , 11  days left ,[' #Internships  #Engineering Students '],0
41,https://unstop.com//competition/call-for-articles-arbitrage-june-2022-issue-indian-institute-of-management-iim-rohtak-360339,https://d8it4huxumps7.cloudfront.net/lambda-pdfs/opportunity-bannerImages/1655357008.png?d=340x195, Call for Articles: Arbitrage - June 2022 Issue ," Indian Institute of Management (IIM), Rohtak ", 11  days left , 11  days left ,[' #competitions  #Open to All '],400
42,https://unstop.com//workshop/shri-ram-debating-workshop-2022-shri-ram-college-of-commerce-srcc-university-of-delhi-du-delhi-360332,https://d8it4huxumps7.cloudfront.net/uploads/images/opportunity/mobile_banner/62acd3fa3e1b0_shri-ram-debating-workshop-2022.png?d=340x195, Shri Ram Debating Workshop 2022 ," Shri Ram College of Commerce (SRCC), University of Delhi (DU), Delhi ", 27  days left , 27  days left ,[' #Conferences  #School Students '],0
43,https://unstop.com//job/software-engineer-baker-hughes-360317,https://d8it4huxumps7.cloudfront.net/uploads/images/opportunity/mobile_banner/62aa20e0a9efe_software-engineer.jpeg?d=340x195, Software Engineer , Baker Hughes , 17  days left , 17  days left ,[' #Jobs  #Corporate  #Graduate  #Postgraduate '],0
44,https://unstop.com//job/hrbp-associate-airtel-360315,https://d8it4huxumps7.cloudfront.net/uploads/images/opportunity/mobile_banner/62aa202859f5b_hrbp.jpeg?d=340x195, HRBP Associate , Airtel , 17  days left , 17  days left ,[' #Jobs  #Corporate  #Graduate  #Postgraduate '],0
45,https://unstop.com//job/capital-reporting-associate-jpmorgan-chase-co-360313,https://d8it4huxumps7.cloudfront.net/uploads/images/opportunity/mobile_banner/62aa1f4eee2b8_associate-capital-reporting.jpeg?d=340x195, Capital Reporting Associate , JPMorgan Chase & Co. , 17  days left , 17  days left ,[' #Jobs  #Corporate  #Graduate  #Postgraduate '],0
46,https://unstop.com//job/onboarding-operations-associate-eli-lilly-company-360310,https://d8it4huxumps7.cloudfront.net/uploads/images/opportunity/mobile_banner/62aa1d7def549_onboarding-operations-associate.png?d=340x195, Onboarding Operations Associate , Eli Lilly & Company , 17  days left , 17  days left ,[' #Jobs  #Corporate  #Graduate  #Postgraduate '],0
47,https://unstop.com//internship/cyber-security-associate-olcademy-360259,https://d8it4huxumps7.cloudfront.net/lambda-pdfs/opportunity-bannerImages/1655315184.png?d=340x195, Cyber Security Associate , Olcademy , 2  days left , 2  days left ,[' #Internships  #Open to All '],0
48,https://unstop.com//internship/technical-communications-internship-cadence-design-systems-360235,https://d8it4huxumps7.cloudfront.net/uploads/images/opportunity/mobile_banner/62a9cdf9ca2cb_technical-communications-internship.jpg?d=340x195, Technical Communications Internship , Cadence Design Systems , 17  days left , 17  days left ,[' #Internships  #Graduate  #Postgraduate  #Undergraduate '],0
49,https://unstop.com//competition/markguru-marketing-case-competition-vista-2022-iim-bangalores-international-business-summit-indian-institute-360222,https://d8it4huxumps7.cloudfront.net/uploads/images/opportunity/mobile_banner/62ab7b5ad889b_markguru-marketing-case-competition.png?d=340x195, MarkGuru: Marketing Case Competition  - Vista 2022 IIM Bangalore's International Business Summit ," Indian Institute of Management (IIM), Bangalore ", 28  days left , 28  days left ,[' #competitions  #Open to All ']," 1,00,000 "
50,https://unstop.com//creative-cultural-event/strategos-business-plan-federal-institute-of-science-and-technology-fisat-angamaly-kerala-360217,https://d8it4huxumps7.cloudfront.net/lambda-pdfs/opportunity-bannerImages/1655369620.png?d=340x195, Strategos - Business Plan  - Forum - For U Managers ," Federal Institute of Science and Technology (FISAT), Angamaly, Kerala ", 4  days left , 4  days left ,[' #cultural  #Engineering Students  #MBA Students  #Undergraduate '],"15,000"
51,https://unstop.com//internship/marketing-internship-unstop-360209,https://d8it4huxumps7.cloudfront.net/lambda-pdfs/opportunity-bannerImages/1655362240.png?d=340x195, Marketing Internship , Unstop , 3  days left , 3  days left ,[' #Internships  #Engineering Students  #MBA Students  #Undergraduate '],"10,000"
52,https://unstop.com//creative-cultural-event/group-dance-competition-federal-institute-of-science-and-technology-fisat-angamaly-kerala-360192,https://d8it4huxumps7.cloudfront.net/lambda-pdfs/opportunity-bannerImages/1655288684.png?d=340x195, Group Dance Competition  - Forum - For U Managers ," Federal Institute of Science and Technology (FISAT), Angamaly, Kerala ", 24  days left , 24  days left ,[' #cultural  #Engineering Students  #MBA Students  #Undergraduate '],"20,000"
53,https://unstop.com//competition/hr-nexus-hr-game-forum-for-u-managers-federal-institute-of-science-and-technology-fisat-angamaly-kerala-360191,https://d8it4huxumps7.cloudfront.net/lambda-pdfs/opportunity-bannerImages/1655466634.png?d=340x195, HR Nexus - HR Game  - Forum - For U Managers ," Federal Institute of Science and Technology (FISAT), Angamaly, Kerala ", 4  days left , 4  days left ,[' #competitions  #Engineering Students  #MBA Students  #Undergraduate '],"12,000"
54,https://unstop.com//hackathon/house-of-code-senior-data-engineer-house-of-code-code-to-possibilities-lowes-companies-inc-360189,https://d8it4huxumps7.cloudfront.net/uploads/images/opportunity/mobile_banner/62ac48b2acce7_house-of-code-senior-data-engineer.jpeg?d=340x195, House of Code - Senior Data Engineer  - House of Code - Code to Possibilities ," Lowe's Companies, Inc. ", 12  days left , 12  days left ,[' #hackathons  #Corporate '],0
55,https://unstop.com//hackathon/house-of-code-data-engineer-house-of-code-code-to-possibilities-lowes-companies-inc-360188,https://d8it4huxumps7.cloudfront.net/uploads/images/opportunity/mobile_banner/62ac4f66b0329_house-of-code-data-engineer.jpeg?d=340x195, House of Code - Data Engineer  - House of Code - Code to Possibilities ," Lowe's Companies, Inc. ", 12  days left , 12  days left ,[' #hackathons  #Corporate '],0
56,https://unstop.com//hackathon/house-of-code-senior-software-engineer-house-of-code-code-to-possibilities-lowes-companies-inc-360185,https://d8it4huxumps7.cloudfront.net/uploads/images/opportunity/mobile_banner/62ac4d8115c04_house-of-code-senior-software-engineer.jpeg?d=340x195, House of Code - Senior Software Engineer  - House of Code - Code to Possibilities ," Lowe's Companies, Inc. ", 12  days left , 12  days left ,[' #hackathons  #Corporate '],0
57,https://unstop.com//competition/best-manager-forum-for-u-managers-federal-institute-of-science-and-technology-fisat-angamaly-kerala-360175,https://d8it4huxumps7.cloudfront.net/lambda-pdfs/opportunity-bannerImages/1655314944.png?d=340x195, Best Manager  - Forum - For U Managers ," Federal Institute of Science and Technology (FISAT), Angamaly, Kerala ", 4  days left , 4  days left ,[' #competitions  #Engineering Students  #MBA Students  #Undergraduate '],"20,000"
58,https://unstop.com//workshop/urimindful-virtual-tuesday-mindful-meditation-university-of-rhode-island-360154,https://d8it4huxumps7.cloudfront.net/lambda-pdfs/opportunity-bannerImages/1655268598.png?d=340x195, URiMindful Virtual Tuesday Mindful Meditation , University of Rhode Island , 9 hours left , 9 hours left ,[' #Conferences  #Open to All '],0
59,https://unstop.com//conference/international-asteroid-day-hex-star-universe-360149,https://d8it4huxumps7.cloudfront.net/uploads/images/opportunity/mobile_banner/62a95bdbaa401_international-asteroid-day.png?d=340x195, International Asteroid Day , Hex-Star Universe , 10  days left , 10  days left ,[' #conferences  #Open to All '],0
60,https://unstop.com//internship/graphics-designer-internship-wibin-technologies-360119,https://d8it4huxumps7.cloudfront.net/lambda-pdfs/opportunity-bannerImages/1655228089.png?d=340x195, Graphics Designer Internship , Wibin Technologies , 1 day left , 1 day left ,[' #Internships  #Open to All '],0
61,https://unstop.com//creative-cultural-event/yoga-for-wellness-icfai-business-school-ibs-hyderabad-360118,https://d8it4huxumps7.cloudfront.net/uploads/images/opportunity/mobile_banner/62aa15864c732_yoga-for-wellness.png?d=340x195, Yoga for Wellness ," ICFAI Business School (IBS), Hyderabad ", 1 day left , 1 day left ,[' #cultural  #Open to All '],0
62,https://unstop.com//job/tam-bilingual-customer-support-representative-nielsen-global-360108,https://d8it4huxumps7.cloudfront.net/uploads/images/opportunity/mobile_banner/62a8bc50adbee_remote-tam-bilingual-customer-support-representative.jpg?d=340x195, TAM Bilingual Customer Support Representative , Nielsen Global , 16  days left , 16  days left ,[' #Jobs  #Graduate  #Undergraduate '],0
63,https://unstop.com//job/human-resource-expert-target-360105,https://d8it4huxumps7.cloudfront.net/uploads/images/opportunity/mobile_banner/62a8bafd168a2_human-resource-expert.jpeg?d=340x195, Human Resource Expert , target , 16  days left , 16  days left ,[' #Jobs  #Corporate  #Graduate  #Postgraduate '],0
64,https://unstop.com//job/mechanical-designer-schneider-electric-360102,https://d8it4huxumps7.cloudfront.net/uploads/images/opportunity/mobile_banner/62a8b856ca9b3_mechanical-designer.jpeg?d=340x195, Mechanical Designer , Schneider Electric , 16  days left , 16  days left ,[' #Jobs  #Corporate  #Graduate  #Postgraduate '],0
65,https://unstop.com//job/production-agent-wipro-technologies-360100,https://d8it4huxumps7.cloudfront.net/uploads/images/opportunity/mobile_banner/62a8b72b1ae98_production-agent.jpg?d=340x195, Production Agent , Wipro Technologies , 16  days left , 16  days left ,[' #Jobs  #Corporate  #Graduate  #Postgraduate '],0
66,https://unstop.com//internship/defect-data-analysis-internship-amd-advanced-micro-devices-360078,https://d8it4huxumps7.cloudfront.net/uploads/images/opportunity/mobile_banner/62a8a77f3c6af_summer-2022-soc-defect-data-analysis-co-op-internship.jpg?d=340x195, Defect Data Analysis Internship , AMD - Advanced Micro Devices , 16  days left , 16  days left ,[' #Internships  #Graduate  #Undergraduate '],0
67,https://unstop.com//internship/sales-marketing-undergraduate-internship-henkel-360076,https://d8it4huxumps7.cloudfront.net/uploads/images/opportunity/mobile_banner/62a8a5db35d40_henkel-sales-marketing-undergraduate-internships-fall-2022.jpeg?d=340x195, Sales & Marketing Undergraduate Internship , Henkel , 16  days left , 16  days left ,[' #Internships  #Undergraduate '],0
68,https://unstop.com//internship/uiux-internship-idfy-360075,https://d8it4huxumps7.cloudfront.net/uploads/images/opportunity/mobile_banner/62a8a4bca1994_uiux-internship.png?d=340x195, UI/UX Internship , IDfy , 16  days left , 16  days left ,[' #Internships  #Graduate  #Postgraduate '],0
69,https://unstop.com//workshop/consulting-bootcamp-seekamentor-360054,https://d8it4huxumps7.cloudfront.net/lambda-pdfs/opportunity-bannerImages/1655225626.png?d=340x195, Consulting Bootcamp , Seekamentor , 5  days left , 5  days left ,[' #Conferences  #Open to All '],0
70,https://unstop.com//job/testing-engineer-mechanical-gilbarco-veeder-root-360043,https://d8it4huxumps7.cloudfront.net/lambda-pdfs/opportunity-bannerImages/1655293940.png?d=340x195, Testing Engineer - Mechanical , Gilbarco Veeder-Root , 1 day left , 1 day left ,[' #Jobs  #Corporate '],0
71,https://unstop.com//competition/mnanalyse-2022-premier-merger-acquisition-case-competition-indian-institute-of-technology-iit-guwahati-360042,https://d8it4huxumps7.cloudfront.net/uploads/images/opportunity/mobile_banner/62a8f5d98f187_mnanalyse.png?d=340x195, MnAnalyse 2022: Premier Merger & Acquisition Case Competition ," Indian Institute of Technology (IIT), Guwahati ", 8  days left , 8  days left ,[' #competitions  #Open to All '],0
72,https://unstop.com//creative-cultural-event/call-for-hr-articles-for-impressions-june-2022-indian-institute-of-management-iim-rohtak-360031,https://d8it4huxumps7.cloudfront.net/lambda-pdfs/opportunity-bannerImages/1655207279.png?d=340x195, Call for HR Articles for Impressions | June 2022 ," Indian Institute of Management (IIM), Rohtak ", 6  days left , 6  days left ,[' #cultural  #Open to All '],300
73,https://unstop.com//workshop/capstone-experience-design-caped-program-stanford-university-360028,https://d8it4huxumps7.cloudfront.net/lambda-pdfs/opportunity-bannerImages/1655207434.png?d=340x195, Capstone Experience Design (CapED) Program , Stanford University , 4  days left , 4  days left ,[' #Conferences  #Open to All '],0
74,https://unstop.com//workshop/individual-financial-counseling-with-fidelity-investments-stanford-university-360025,https://d8it4huxumps7.cloudfront.net/lambda-pdfs/opportunity-bannerImages/1655206038.png?d=340x195, Individual Financial Counseling with Fidelity Investments , Stanford University , 1 day left , 1 day left ,[' #Conferences  #Open to All '],0
75,https://unstop.com//competition/yoga-challenge-indian-institute-of-technology-iit-indore-360012,https://d8it4huxumps7.cloudfront.net/lambda-pdfs/opportunity-bannerImages/1655210468.png?d=340x195, Yoga Challenge ," Indian Institute of Technology (IIT), Indore ", 21 hours left , 21 hours left ,[' #cultural  #Engineering Students  #MBA Students  #Undergraduate  #Corporate '],0
76,https://unstop.com//internship/influencer-manager-internship-the-indegenous-360011,https://d8it4huxumps7.cloudfront.net/lambda-pdfs/opportunity-bannerImages/1655226464.png?d=340x195, Influencer Manager Internship , The Indegenous , 6  days left , 6  days left ,[' #Internships  #Open to All '],0
77,https://unstop.com//competition/drawdown-a-private-equity-competition-vista-2022-iim-bangalores-international-business-summit-indian-institu-359999,https://d8it4huxumps7.cloudfront.net/uploads/images/opportunity/mobile_banner/62ac84ff35bee_drawdown-a-private-equity-competition.png?d=340x195, Drawdown: A Private Equity Competition  - Vista 2022 IIM Bangalore's International Business Summit ," Indian Institute of Management (IIM), Bangalore ", 18  days left , 18  days left ,[' #competitions  #Open to All '],"50,000"
78,https://unstop.com//job/key-account-manager-supply-chain-loadit-supply-services-pvt-ltd-359974,https://d8it4huxumps7.cloudfront.net/lambda-pdfs/opportunity-bannerImages/1655191398.png?d=340x195, Key Account Manager - Supply Chain , Loadit Supply Services Pvt Ltd , 1 day left , 1 day left ,[' #Jobs  #Open to All ']," 4,00,000 "
79,https://unstop.com//job/graphic-designer-nbyula-359954,https://d8it4huxumps7.cloudfront.net/lambda-pdfs/opportunity-bannerImages/1655189483.png?d=340x195, Graphic Designer , Nbyula , 10  days left , 10  days left ,[' #Jobs  #Open to All '],0
80,https://unstop.com//job/digital-media-marketer-nbyula-359952,https://d8it4huxumps7.cloudfront.net/lambda-pdfs/opportunity-bannerImages/1655189732.png?d=340x195, Digital Media Marketer , Nbyula , 1 day left , 1 day left ,[' #Jobs  #Engineering Students  #MBA Students  #Undergraduate  #Corporate '],0
81,https://unstop.com//creative-cultural-event/joga-bonito-7s-football-federal-institute-of-science-and-technology-fisat-angamaly-kerala-359948,https://d8it4huxumps7.cloudfront.net/uploads/images/opportunity/mobile_banner/62a866509013c_joga-bonito-5s-football.jpeg?d=340x195, Joga Bonito - 7's Football  - Forum - For U Managers ," Federal Institute of Science and Technology (FISAT), Angamaly, Kerala ", 5  days left , 5  days left ,[' #cultural  #Engineering Students  #MBA Students  #Postgraduate  #Undergraduate '],"17,000"
82,https://unstop.com//job/community-content-writer-nbyula-359947,https://d8it4huxumps7.cloudfront.net/lambda-pdfs/opportunity-bannerImages/1655189996.png?d=340x195, Community Content Writer , Nbyula , 10  days left , 10  days left ,[' #Jobs  #Engineering Students  #MBA Students  #Undergraduate  #Corporate '],0
83,https://unstop.com//job/software-engineer-ii-data-engineering-uber-technologies-inc-359937,https://d8it4huxumps7.cloudfront.net/uploads/images/opportunity/mobile_banner/62a7fc86a4e3c_software-engineer-ii-data-engineering.jpg?d=340x195, Software Engineer II - Data Engineering , Uber Technologies Inc. , 16  days left , 16  days left ,[' #Jobs  #Engineering Students '],0
84,https://unstop.com//internship/back-end-developer-internship-saasden-private-limited-359915,https://d8it4huxumps7.cloudfront.net/lambda-pdfs/opportunity-bannerImages/1655189974.png?d=340x195, Back-End Developer Internship , SaaSDen Private Limited , 1 day left , 1 day left ,[' #Internships  #Engineering Students  #MBA Students  #Undergraduate ']," 3,60,000 "
85,https://unstop.com//job/cc-developer-luxoft-359909,https://d8it4huxumps7.cloudfront.net/lambda-pdfs/opportunity-bannerImages/1655145119.png?d=340x195, C/C++ Developer , luxoft , 8  days left , 8  days left ,[' #Jobs  #Engineering Students '],0
86,https://unstop.com//internship/digital-marketing-brand-development-internship-booksbear-359902,https://d8it4huxumps7.cloudfront.net/uploads/images/opportunity/mobile_banner/62a7782916fbf_digital-marketing-internship.png?d=340x195, Digital Marketing & Brand Development Internship , BooksBear , 5  days left , 5  days left ,[' #Internships  #Open to All '],0
87,https://unstop.com//scholarship/business-merit-scholarship-torrens-university-australia-359886,https://d8it4huxumps7.cloudfront.net/lambda-pdfs/opportunity-bannerImages/1655142513.png?d=340x195, Business Merit Scholarship , Torrens University Australia , 6 months left , 6 months left ,[' #scholarships  #Undergraduate  #Graduate  #Engineering Students '],0
88,https://unstop.com//quiz/national-management-olympiad-hightech-solutions-limited-359885,https://d8it4huxumps7.cloudfront.net/uploads/images/opportunity/mobile_banner/62a8398808f8a_national-management-olympiad.png?d=340x195, National Management Olympiad , HighTech Solutions Limited , 5 hours left , 5 hours left ,[' #quizzes  #Open to All '],"10,000"
89,https://unstop.com//job/us-genius-apple-inc-359879,https://d8it4huxumps7.cloudfront.net/uploads/images/opportunity/mobile_banner/62a75ab0c32bb_us-genius.jpeg?d=340x195, US-Genius , Apple Inc. , 15  days left , 15  days left ,[' #Jobs  #Graduate  #Postgraduate  #Corporate '],0
90,https://unstop.com//internship/ace-sales-internship-morningstar-inc-359877,https://d8it4huxumps7.cloudfront.net/uploads/images/opportunity/mobile_banner/62a758c477a59_ace-sales-year-round-internship.png?d=340x195, ACE Sales Internship , Morningstar Inc. , 15  days left , 15  days left ,[' #Internships  #Graduate  #Postgraduate  #Undergraduate '],0
91,https://unstop.com//internship/global-mobility-internship-schaeffler-india-359875,https://d8it4huxumps7.cloudfront.net/uploads/images/opportunity/mobile_banner/62a7579e65431_global-mobility-internship.jpeg?d=340x195, Global Mobility Internship , Schaeffler india , 15  days left , 15  days left ,[' #Internships  #Graduate  #Postgraduate  #Undergraduate '],0
92,https://unstop.com//internship/trainee-product-management-bookmyshow-359874,https://d8it4huxumps7.cloudfront.net/uploads/images/opportunity/mobile_banner/62a7594546f15_trainee-product-management.jpg?d=340x195, Trainee - Product Management , BookMyShow , 15  days left , 15  days left ,[' #Internships  #Open to All '],0
93,https://unstop.com//internship/accounting-finance-internship-summer-2023-cargill-india-359839,https://d8it4huxumps7.cloudfront.net/uploads/images/opportunity/mobile_banner/62a756c118099_accounting-finance-internship-summer-2023.jpeg?d=340x195, Accounting & Finance Internship Summer 2023 , Cargill India , 15  days left , 15  days left ,[' #Internships  #Graduate  #Postgraduate  #Undergraduate '],0
94,https://unstop.com//internship/digital-marketing-internship-ninthsem-359828,https://d8it4huxumps7.cloudfront.net/uploads/images/custom_banner/jobs_4.svg, Digital Marketing Internship , NinthSem , 1 day left , 1 day left ,[' #Internships  #Open to All '],0
95,https://unstop.com//job/cyber-security-analyst-general-mills-359827,https://d8it4huxumps7.cloudfront.net/uploads/images/opportunity/mobile_banner/62a7566f255af_analyst-cyber-security.jpg?d=340x195, Cyber Security Analyst , General Mills , 8  days left , 8  days left ,[' #Jobs  #Engineering Students  #Graduate  #Postgraduate '],0
96,https://unstop.com//job/senior-business-intelligence-analyst-general-mills-359821,https://d8it4huxumps7.cloudfront.net/uploads/images/opportunity/mobile_banner/62a74d0c6bd91_senior-business-intelligence-analyst.jpg?d=340x195, Senior Business Intelligence Analyst  , General Mills , 8  days left , 8  days left ,[' #Jobs  #Open to All '],0
97,https://unstop.com//job/solutions-engineer-telus-international-359817,https://d8it4huxumps7.cloudfront.net/uploads/images/opportunity/mobile_banner/62a74c709f7b2_solutions-engineer-1.jpg?d=340x195, Solutions Engineer , Telus International , 15  days left , 15  days left ,[' #Jobs  #Engineering Students '],0
98,https://unstop.com//internship/trainee-british-council-india-359811,https://d8it4huxumps7.cloudfront.net/uploads/images/opportunity/mobile_banner/62a743b88dc33_trainee.jpg?d=340x195, Trainee ," British Council, India ", 15  days left , 15  days left ,[' #Internships  #Graduate  #Postgraduate  #Undergraduate '],0
99,https://unstop.com//internship/data-science-internship-volvo-359808,https://d8it4huxumps7.cloudfront.net/uploads/images/opportunity/mobile_banner/62a74153a9a80_excelher-data-science-internship.jpeg?d=340x195, Data Science Internship , Volvo , 15  days left , 15  days left ,[' #Internships  #Postgraduate '],0
100,https://unstop.com//job/operations-team-member-ra-operations-kotak-mahindra-bank-ltd-359799,https://d8it4huxumps7.cloudfront.net/uploads/images/opportunity/mobile_banner/62a7373d20575_operations-team-member-afd-services-ra-operations.jpeg?d=340x195, Operations Team Member - RA Operations , Kotak Mahindra Bank Ltd , 15  days left , 15  days left ,[' #Jobs  #Corporate  #Graduate  #Postgraduate '],0
101,https://unstop.com//competition/jumpstart-publicis-sapient-359785,https://d8it4huxumps7.cloudfront.net/uploads/images/opportunity/mobile_banner/62a83a828a75a_jumpstart.jpg?d=340x195, Jumpstart , Publicis Sapient , 12  days left , 12  days left ,[' #competitions  #Engineering Students  #Undergraduate  #Postgraduate '],0
102,https://unstop.com//job/program-manager-innovaccer-359779,https://d8it4huxumps7.cloudfront.net/uploads/images/opportunity/mobile_banner/62a72c3179a38_program-manager.png?d=340x195, Program Manager , Innovaccer , 15  days left , 15  days left ,[' #Jobs  #MBA Students '],0
103,https://unstop.com//job/risk-cards-strategy-associate-jpmorgan-chase-co-359776,https://d8it4huxumps7.cloudfront.net/uploads/images/opportunity/mobile_banner/62a73651736bf_ccb-risk-cards-strategy-associate.jpeg?d=340x195, Risk Cards Strategy  Associate , JPMorgan Chase & Co. , 15  days left , 15  days left ,[' #Jobs  #Corporate  #Graduate  #Postgraduate '],0
104,https://unstop.com//job/frontline-sales-associate-psf-icici-prudential-life-insurance-359691,https://d8it4huxumps7.cloudfront.net/uploads/images/opportunity/mobile_banner/62a724429324f_frontline-sales-psf.jpg?d=340x195, Frontline Sales Associate - PSF , ICICI Prudential Life Insurance , 15  days left , 15  days left ,[' #Jobs  #Corporate  #Graduate  #Postgraduate '],0
105,https://unstop.com//job/computer-scientist-adobe-inc-359689,https://d8it4huxumps7.cloudfront.net/uploads/images/opportunity/mobile_banner/62a71ce62d70d_2022-university-graduate-computer-scientist.jpg?d=340x195, Computer Scientist , Adobe Inc. , 15  days left , 15  days left ,[' #Jobs  #Engineering Students '],0
106,https://unstop.com//job/market-research-analyst-general-mills-359670,https://d8it4huxumps7.cloudfront.net/uploads/images/opportunity/mobile_banner/62a707709c273_market-research-analyst.jpg?d=340x195, Market Research Analyst , General Mills , 8  days left , 8  days left ,[' #Jobs  #MBA Students '],0
107,https://unstop.com//job/software-engineer-java-python-natwest-group-359666,https://d8it4huxumps7.cloudfront.net/uploads/images/opportunity/mobile_banner/62a6ff63b2709_software-engineer-javapython.jpg?d=340x195, Software Engineer - Java/ Python , Natwest Group , 7  days left , 7  days left ,[' #Jobs  #Engineering Students '],0
108,https://unstop.com//job/software-engineering-java-jpmorgan-chase-co-359663,https://d8it4huxumps7.cloudfront.net/uploads/images/opportunity/mobile_banner/62a6f87ee979f_software-engineering-java.jpeg?d=340x195, Software Engineering - Java , JPMorgan Chase & Co. , 15  days left , 15  days left ,[' #Jobs  #Engineering Students '],0
109,https://unstop.com//job/it-support-engineer-google-359662,https://d8it4huxumps7.cloudfront.net/uploads/images/opportunity/mobile_banner/62a6f6f2aa08e_it-support-engineer-early-career-october-2022-start.jpeg?d=340x195, IT Support Engineer , Google , 15  days left , 15  days left ,[' #Jobs  #Corporate '],0
110,https://unstop.com//job/management-associate-icici-prudential-life-insurance-359661,https://d8it4huxumps7.cloudfront.net/uploads/images/opportunity/mobile_banner/62a6f5f33b147_management-associate.jpg?d=340x195, Management Associate , ICICI Prudential Life Insurance , 15  days left , 15  days left ,[' #Jobs  #Graduate  #Corporate '],0
111,https://unstop.com//hackathon/smartideathon-2022-smartideathon-2022-gandhi-institute-of-technology-and-management-gitam-visakhapatnam-andhra-359658,https://d8it4huxumps7.cloudfront.net/uploads/images/opportunity/mobile_banner/62a7279479aea_smartideathon-2022.png?d=340x195, SmartIDEAthon - 2022  - SmartIDEAthon - 2022 ," Gandhi Institute of Technology and Management (GITAM), Visakhapatnam, Andhra Pradesh ", 13  days left , 13  days left ,[' #hackathons  #Graduate  #MBA Students  #Postgraduate  #Engineering Students  #Undergraduate ']," 4,50,000 "
112,https://unstop.com//workshop/aws-big-data-technology-afour-technologies-private-limited-359652,https://d8it4huxumps7.cloudfront.net/uploads/images/opportunity/mobile_banner/62a6f125e7f53_aws-big-data-technology.png?d=340x195, AWS Big Data Technology , AFour Technologies Private Limited , 2  days left , 2  days left ,[' #Conferences  #Engineering Students  #MBA Students  #Undergraduate  #Corporate  #Postgraduate '],0
113,https://unstop.com//competition/techsurf-2022-contentstack-359635,https://d8it4huxumps7.cloudfront.net/uploads/images/opportunity/mobile_banner/62a9a96cc7300_techsurf-2022.jpg?d=340x195, Techsurf 2022 , Contentstack , 5  days left , 5  days left ,[' #competitions  #Engineering Students  #Undergraduate ']," 4,00,000 "
114,https://unstop.com//competition/international-sustainability-challenge-vista-2022-iim-bangalores-international-business-summit-indian-instit-359596,https://d8it4huxumps7.cloudfront.net/uploads/images/opportunity/mobile_banner/62a64a5a88e63_vista-2022-international-sustainability-challenge.png?d=340x195, International Sustainability Challenge  - Vista 2022 IIM Bangalore's International Business Summit ," Indian Institute of Management (IIM), Bangalore ", 1 month left , 1 month left ,[' #competitions  #Open to All ']," 1,50,000 "
115,https://unstop.com//competition/epsilon-30-the-analytics-case-competition-the-analytics-conclave-2022-shaheed-sukhdev-college-of-business-st-359592,https://d8it4huxumps7.cloudfront.net/uploads/images/opportunity/mobile_banner/62a63e509f2a8_epsilon-30-the-analytics-case-study-competition.jpg?d=340x195, Epsilon 3.0 - The Analytics Case Competition  - The Analytics Conclave 2022 ," Shaheed Sukhdev College of Business Studies (SSCBS), University of Delhi (DU), Delhi ", 6 hours left , 6 hours left ,[' #competitions  #Open to All '],"85,000"
116,https://unstop.com//creative-cultural-event/devils-advocate-eximius-2022-iim-bangalores-entrepreneurship-summit-indian-institute-of-manageme-359578,https://d8it4huxumps7.cloudfront.net/uploads/images/opportunity/mobile_banner/62a9ab6389828_devils-advocate.png?d=340x195," Devil's Advocate  - Eximius 2022, IIM Bangalore's Entrepreneurship Summit "," Indian Institute of Management (IIM), Bangalore ", 11  days left , 11  days left ,[' #cultural  #Open to All '],0
117,https://unstop.com//workshop/how-to-analyze-a-stock-eximius-2022-iim-bangalores-entrepreneurship-summit-indian-institute-of-management-iim-b-359547,https://d8it4huxumps7.cloudfront.net/uploads/images/opportunity/mobile_banner/62a71a5ada7b6_how-to-analyze-a-stock.png?d=340x195," How to Analyze a Stock   - Eximius 2022, IIM Bangalore's Entrepreneurship Summit "," Indian Institute of Management (IIM), Bangalore ", 19  days left , 19  days left ,[' #Conferences  #Open to All '],0
118,https://unstop.com//creative-cultural-event/pan-india-sudoku-tournament-indian-institute-of-technology-iit-delhi-359513,https://d8it4huxumps7.cloudfront.net/uploads/images/opportunity/mobile_banner/62a5dd4b03e5c_pan-india-sudoku-tournament.png?d=340x195, Pan India Sudoku Tournament ," Indian Institute of Technology (IIT), Delhi ", 25  days left , 25  days left ,[' #cultural  #Open to All '],"6,000"
119,https://unstop.com//workshop/how-to-start-your-own-podcast-eximius-2022-iim-bangalores-entrepreneurship-summit-indian-institute-of-managemen-359505,https://d8it4huxumps7.cloudfront.net/uploads/images/opportunity/mobile_banner/62a71985408d1_how-to-start-your-own-podcast.png?d=340x195," How to Start Your Own Podcast  - Eximius 2022, IIM Bangalore's Entrepreneurship Summit "," Indian Institute of Management (IIM), Bangalore ", 18  days left , 18  days left ,[' #Conferences  #Open to All '],0
120,https://unstop.com//workshop/legal-101-for-startups-eximius-2022-iim-bangalores-entrepreneurship-summit-indian-institute-of-management-iim-b-359503,https://d8it4huxumps7.cloudfront.net/uploads/images/opportunity/mobile_banner/62a71a216873c_legal-101-for-startups.png?d=340x195," Legal 101 for Startups  - Eximius 2022, IIM Bangalore's Entrepreneurship Summit "," Indian Institute of Management (IIM), Bangalore ", 18  days left , 18  days left ,[' #Conferences  #Open to All '],0
121,https://unstop.com//workshop/personal-finance-simplified-eximius-2022-iim-bangalores-entrepreneurship-summit-indian-institute-of-management--359501,https://d8it4huxumps7.cloudfront.net/uploads/images/opportunity/mobile_banner/62a718dbab691_personal-finance-simplified.png?d=340x195," Personal Finance Simplified  - Eximius 2022, IIM Bangalore's Entrepreneurship Summit "," Indian Institute of Management (IIM), Bangalore ", 18  days left , 18  days left ,[' #Conferences  #Open to All '],0
122,https://unstop.com//workshop/problem-solving-101-eximius-2022-iim-bangalores-entrepreneurship-summit-indian-institute-of-management-iim-bang-359496,https://d8it4huxumps7.cloudfront.net/uploads/images/opportunity/mobile_banner/62a71885ccce8_problem-solving-101.png?d=340x195," Problem Solving 101  - Eximius 2022, IIM Bangalore's Entrepreneurship Summit "," Indian Institute of Management (IIM), Bangalore ", 18  days left , 18  days left ,[' #Conferences  #Open to All '],0
123,https://unstop.com//workshop/ready-set-pitch-eximius-2022-iim-bangalores-entrepreneurship-summit-indian-institute-of-management-iim-bangalor-359493,https://d8it4huxumps7.cloudfront.net/lambda-pdfs/opportunity-bannerImages/1655027896.png?d=340x195," Ready, Set, Pitch!  - Eximius 2022, IIM Bangalore's Entrepreneurship Summit "," Indian Institute of Management (IIM), Bangalore ", 18  days left , 18  days left ,[' #Conferences  #Open to All '],0
124,https://unstop.com//internship/summer-analyst-development-program-2023-bank-of-america-359255,https://d8it4huxumps7.cloudfront.net/uploads/images/opportunity/mobile_banner/62a47f0db45d3_global-human-resources-summer-analyst-development-program-2023.png?d=340x195, Summer Analyst Development Program - 2023 , Bank of America , 13  days left , 13  days left ,[' #Internships  #Graduate  #Postgraduate  #Undergraduate '],0
125,https://unstop.com//internship/corporate-functions-summer-analyst-program-2023-bank-of-america-359254,https://d8it4huxumps7.cloudfront.net/uploads/images/opportunity/mobile_banner/62a47e4f2271b_corporate-functions-summer-analyst-program-2023.png?d=340x195, Corporate Functions Summer Analyst Program - 2023 , Bank of America , 13  days left , 13  days left ,[' #Internships  #Graduate  #Postgraduate '],0
126,https://unstop.com//internship/corporate-audit-summer-analyst-program-2023-bank-of-america-359253,https://d8it4huxumps7.cloudfront.net/uploads/images/opportunity/mobile_banner/62a47d846ae88_corporate-audit-summer-analyst-program-2023.png?d=340x195, Corporate Audit Summer Analyst Program - 2023 , Bank of America , 13  days left , 13  days left ,[' #Internships  #Graduate  #Postgraduate '],0
127,https://unstop.com//internship/gucci-retail-internship-gucci-359252,https://d8it4huxumps7.cloudfront.net/uploads/images/opportunity/mobile_banner/62a47c64780e3_gucci-retail-internship.jpeg?d=340x195, Gucci Retail Internship , Gucci , 13  days left , 13  days left ,[' #Internships  #Graduate  #Postgraduate  #Undergraduate '],0
128,https://unstop.com//internship/ibm-internship-ibm-359251,https://d8it4huxumps7.cloudfront.net/uploads/images/opportunity/mobile_banner/62a47b49d2fb4_ibm-internship.jpeg?d=340x195, IBM Internship , IBM , 13  days left , 13  days left ,[' #Internships  #Graduate  #Postgraduate  #Undergraduate '],0
129,https://unstop.com//internship/people-talent-internship-volopay-359248,https://d8it4huxumps7.cloudfront.net/uploads/images/opportunity/mobile_banner/62a479cd70e3c_people-talent-internship.png?d=340x195, People & Talent - Internship , Volopay , 13  days left , 13  days left ,[' #Internships  #Graduate  #Postgraduate  #Undergraduate '],0
130,https://unstop.com//internship/ibi-group-internship-ibi-group-359214,https://d8it4huxumps7.cloudfront.net/uploads/images/opportunity/mobile_banner/62a47817b5975_ibi-group-internship.jpeg?d=340x195, IBI Group Internship , IBI GROUP , 13  days left , 13  days left ,[' #Internships  #Graduate  #Postgraduate  #Undergraduate '],0
131,https://unstop.com//job/listening-platforms-analyst-the-coca-cola-company-359200,https://d8it4huxumps7.cloudfront.net/uploads/images/opportunity/mobile_banner/62a47018eee36_listening-platforms-analyst.jpg?d=340x195, Listening Platforms Analyst , The Coca-Cola Company , 13  days left , 13  days left ,[' #Jobs  #Corporate  #Graduate  #Postgraduate '],0
132,https://unstop.com//job/test-technician-schindler-359197,https://d8it4huxumps7.cloudfront.net/uploads/images/opportunity/mobile_banner/62a46ea63031d_test-technician.jpeg?d=340x195, Test Technician , Schindler , 13  days left , 13  days left ,[' #Jobs  #Corporate  #Graduate  #Postgraduate '],0
133,https://unstop.com//job/accounts-receivable-representative-ge-appliances-359196,https://d8it4huxumps7.cloudfront.net/uploads/images/opportunity/mobile_banner/62a46dba05d9f_accounts-receivable-representative.gif?d=340x195, Accounts Receivable Representative , GE Appliances , 13  days left , 13  days left ,[' #Jobs  #Corporate  #Graduate  #Postgraduate '],0
134,https://unstop.com//job/new-associate-procure-to-pay-processing-accenture-359194,https://d8it4huxumps7.cloudfront.net/uploads/images/opportunity/mobile_banner/62a46cce361b6_new-associate-procure-to-pay-processing.jpeg?d=340x195, New Associate - Procure to Pay Processing , Accenture , 13  days left , 13  days left ,[' #Jobs  #Corporate  #Graduate  #Postgraduate '],0
135,https://unstop.com//job/new-associate-investment-reporting-accenture-359193,https://d8it4huxumps7.cloudfront.net/uploads/images/opportunity/mobile_banner/62a6c8e0711ab_new-associate-investment-reporting.jpeg?d=340x195, New Associate-Investment Reporting , Accenture , 13  days left , 13  days left ,[' #Jobs  #Corporate  #Graduate  #Postgraduate '],0
136,https://unstop.com//job/web-developer-oceaneering-359192,https://d8it4huxumps7.cloudfront.net/uploads/images/opportunity/mobile_banner/62a46b1e3a848_web-developer-grade-ii.jpeg?d=340x195, Web Developer , Oceaneering , 13  days left , 13  days left ,[' #Jobs  #Corporate  #Graduate  #Postgraduate '],0
137,https://unstop.com//job/rd-verification-engineer-ii-ansys-inc-359190,https://d8it4huxumps7.cloudfront.net/uploads/images/opportunity/mobile_banner/62a4696f9c787_rd-verification-engineer-ii.jpeg?d=340x195, R&D Verification Engineer II ," Ansys, Inc ", 13  days left , 13  days left ,[' #Jobs  #Corporate  #Graduate  #Postgraduate '],0
138,https://unstop.com//job/service-technician-siemens-gamesa-renewable-energy-359189,https://d8it4huxumps7.cloudfront.net/uploads/images/opportunity/mobile_banner/62a46892767c3_service-technician.jpeg?d=340x195, Service Technician , Siemens Gamesa Renewable Energy , 13  days left , 13  days left ,[' #Jobs  #Corporate  #Graduate  #Postgraduate '],0
139,https://unstop.com//job/application-engineer-ansys-inc-359187,https://d8it4huxumps7.cloudfront.net/uploads/images/opportunity/mobile_banner/62a467d214ebf_application-engineer-ii-scbu.jpeg?d=340x195, Application Engineer ," Ansys, Inc ", 13  days left , 13  days left ,[' #Jobs  #Corporate  #Graduate  #Postgraduate '],0
140,https://unstop.com//competition/my-first-1000-users-engineers-cradle-359184,https://d8it4huxumps7.cloudfront.net/lambda-pdfs/opportunity-bannerImages/1654944959.png?d=340x195, My first 1000 Users , Engineer's Cradle , 5  days left , 5  days left ,[' #competitions  #Open to All '],"1,000"
141,https://unstop.com//workshop/sunday-tech-series-season-3-narsee-monjee-institute-of-management-studies-nmims-indore-359097,https://d8it4huxumps7.cloudfront.net/uploads/images/opportunity/mobile_banner/62a48872b6957_sunday-tech-series-season-3.jpeg?d=340x195, Sunday Tech Series Season 3  ," Narsee Monjee Institute of Management Studies (NMIMS), Indore ", 26 minutes left , 26 minutes left ,[' #Conferences  #Open to All '],0
142,https://unstop.com//competition/samvad-policybizzarecom-prin-ln-welingkar-institute-of-management-development-and-research-mumbai-weschool-359093,https://d8it4huxumps7.cloudfront.net/uploads/images/opportunity/mobile_banner/62a452d1e0f50_samvad-policybizzarecom.png?d=340x195, Samvad: Policybizzare.Com ," Prin. L.N. Welingkar Institute of Management Development and Research, Mumbai (WeSchool) ", 14  days left , 14  days left ,[' #competitions  #MBA Students '],"2,250"
143,https://unstop.com//job/documentation-spoc-delhi-olx-group-359049,https://d8it4huxumps7.cloudfront.net/uploads/images/opportunity/mobile_banner/62a40277e0b32_documentation-spoc-delhi.jpg?d=340x195, Documentation Spoc - Delhi , OLX Group , 13  days left , 13  days left ,[' #Jobs  #Graduate '],0
144,https://unstop.com//internship/finance-internship-chartered-accountant-ca-thomson-reuters-359035,https://d8it4huxumps7.cloudfront.net/uploads/images/opportunity/mobile_banner/62a476db9ab7b_finance-internship-chartered-accountant-ca.jpeg?d=340x195, Finance Internship (Chartered Accountant/ CA) , Thomson Reuters , 13  days left , 13  days left ,[' #Internships  #Graduate  #Postgraduate  #Undergraduate '],0
145,https://unstop.com//internship/engineering-internship-thornton-tomasetti-359024,https://d8it4huxumps7.cloudfront.net/lambda-pdfs/opportunity-bannerImages/1654924029.png?d=340x195, Engineering Internship , Thornton Tomasetti , 12  days left , 12  days left ,[' #Internships  #Engineering Students  #Undergraduate '],0
146,https://unstop.com//job/analyst-risk-internal-audit-ey-ernst-young-359018,https://d8it4huxumps7.cloudfront.net/uploads/images/opportunity/mobile_banner/62a37d50461c6_analyst-risk-internal-audit.jpg?d=340x195, Analyst  Risk - Internal Audit , EY (Ernst & Young) , 12  days left , 12  days left ,[' #Jobs  #Graduate '],0
147,https://unstop.com//quiz/back-to-basic-mechanical-version-engineers-cradle-358975,https://d8it4huxumps7.cloudfront.net/lambda-pdfs/opportunity-bannerImages/1654887844.png?d=340x195, Back to Basic (Mechanical Version) , Engineer's Cradle , 4 hours left , 4 hours left ,[' #quizzes  #Open to All '],0
148,https://unstop.com//job/associate-query-management-accenture-358925,https://d8it4huxumps7.cloudfront.net/uploads/images/opportunity/mobile_banner/62a315990a80a_new-associate-query-management.jpeg?d=340x195, Associate - Query Management , Accenture , 12  days left , 12  days left ,[' #Jobs  #Open to All '],0
149,https://unstop.com//job/campus-ambassador-atharv22-iim-indore-indian-institute-of-management-iim-indore-358918,https://d8it4huxumps7.cloudfront.net/lambda-pdfs/opportunity-bannerImages/1654852121.png?d=340x195, Campus Ambassador | Atharv'22 IIM Indore ," Indian Institute of Management (IIM), Indore ", 2 months left , 2 months left ,[' #Jobs  #Open to All '],0
150,https://unstop.com//job/material-handler-ryder-358756,https://d8it4huxumps7.cloudfront.net/uploads/images/opportunity/mobile_banner/62a25e81d3023_material-handler.jpeg?d=340x195, Material Handler , Ryder , 12  days left , 12  days left ,[' #Jobs  #Open to All '],0
151,https://unstop.com//internship/inventory-accounting-internship-sherwin-williams-358654,https://d8it4huxumps7.cloudfront.net/uploads/images/opportunity/mobile_banner/62a25494a5de5_inventory-accounting-internship.jpeg?d=340x195, Inventory Accounting Internship , Sherwin-Williams , 12  days left , 12  days left ,[' #Internships  #Graduate  #Undergraduate '],0
152,https://unstop.com//competition/sport-o-maniac-where-sports-meets-business-eximius-2022-iim-bangalores-entrepreneurship-summit-indian-instit-358416,https://d8it4huxumps7.cloudfront.net/uploads/images/opportunity/mobile_banner/62a59f84b1aa5_sport-o-maniac-where-sports-meets-business.png?d=340x195," Sport-O-Maniac | Where Sports meets Business  - Eximius 2022, IIM Bangalore's Entrepreneurship Summit "," Indian Institute of Management (IIM), Bangalore ", 6  days left , 6  days left ,[' #competitions  #Open to All '],0
153,https://unstop.com//quiz/mark-o-mania-the-marketing-quiz-competition-think-five-analytics-inc-358396,https://d8it4huxumps7.cloudfront.net/uploads/images/opportunity/mobile_banner/62a24a5e39795_mark-o-mania-the-marketing-quiz-competition.png?d=340x195, Mark-O-Mania : The Marketing quiz competition , Think Five Analytics Inc. , 6 hours left , 6 hours left ,[' #quizzes  #Open to All '],"10,000"
154,https://unstop.com//competition/cinemania-eximius-2022-iim-bangalores-entrepreneurship-summit-indian-institute-of-management-iim-bangalore-358395,https://d8it4huxumps7.cloudfront.net/uploads/images/opportunity/mobile_banner/62a32297e4e30_cinemania.png?d=340x195," CineMania   - Eximius 2022, IIM Bangalore's Entrepreneurship Summit "," Indian Institute of Management (IIM), Bangalore ", 15  days left , 15  days left ,[' #competitions  #Open to All '],0
155,https://unstop.com//internship/co-dev-agile-coordinating-internship-ubisoft-358275,https://d8it4huxumps7.cloudfront.net/uploads/images/opportunity/mobile_banner/62a1c94e20a75_co-dev-agile-coordinating-internship.jpeg?d=340x195, Co-Dev Agile Coordinating Internship , Ubisoft , 11  days left , 11  days left ,[' #Internships  #Graduate  #Postgraduate  #Undergraduate '],0
156,https://unstop.com//internship/automation-internship-msd-software-solutions-358273,https://d8it4huxumps7.cloudfront.net/uploads/images/opportunity/mobile_banner/62a1c7248c0f5_summer-internship.jpeg?d=340x195, Automation Internship , MSD Software Solutions , 11  days left , 11  days left ,[' #Internships  #Graduate  #Postgraduate  #Undergraduate '],0
157,https://unstop.com//quiz/hunt-for-the-prediction-legends-one-world-nation-358268,https://d8it4huxumps7.cloudfront.net/uploads/images/opportunity/mobile_banner/62a99238622e0_hunt-for-the-prediction-legends.png?d=340x195, Hunt for the 'Prediction Legends' , One World Nation , 11  days left , 11  days left ,[' #quizzes  #Open to All '],"12,500"
158,https://unstop.com//competition/retail-iation-the-retail-sales-pitch-eximius-2022-iim-bangalores-entrepreneurship-summit-indian-institute-of-358267,https://d8it4huxumps7.cloudfront.net/uploads/images/opportunity/mobile_banner/62a3256266104_retail-iation-the-retail-sales-pitch.png?d=340x195," Retail-iation: The Retail Sales Pitch  - Eximius 2022, IIM Bangalore's Entrepreneurship Summit "," Indian Institute of Management (IIM), Bangalore ", 15  days left , 15  days left ,[' #competitions  #Open to All '],0
159,https://unstop.com//internship/technical-internship-zf-group-358262,https://d8it4huxumps7.cloudfront.net/uploads/images/opportunity/mobile_banner/62a1b78ca0fb8_technical-internship.jpeg?d=340x195, Technical Internship , ZF Group , 11  days left , 11  days left ,[' #Internships  #Graduate  #Postgraduate  #Undergraduate '],0
160,https://unstop.com//internship/management-sales-summer-internship-sherwin-williams-358253,https://d8it4huxumps7.cloudfront.net/lambda-pdfs/opportunity-bannerImages/1654775930.png?d=340x195, Management & Sales Summer Internship , Sherwin-Williams , 11  days left , 11  days left ,[' #Internships  #Graduate  #Postgraduate  #Undergraduate '],0
161,https://unstop.com//job/finance-associate-accounts-payable-zs-associates-358249,https://d8it4huxumps7.cloudfront.net/lambda-pdfs/opportunity-bannerImages/1654775660.png?d=340x195, Finance Associate - Accounts Payable , ZS Associates , 11  days left , 11  days left ,[' #Jobs  #Corporate '],0
162,https://unstop.com//creative-cultural-event/webspree-amity-international-literature-festival-30-amity-university-au-noida-358239,https://d8it4huxumps7.cloudfront.net/uploads/images/opportunity/mobile_banner/629f20c643912_insta-ad.png?d=340x195, Webspree  - Amity International Literature Festival 3.0 ," Amity University (AU), Noida ", 15 hours left , 15 hours left ,[' #cultural  #Open to All '],0
163,https://unstop.com//internship/software-engineer-cognizant-358236,https://d8it4huxumps7.cloudfront.net/lambda-pdfs/opportunity-bannerImages/1654776215.png?d=340x195, Software Engineer  , Cognizant , 10  days left , 10  days left ,[' #Internships  #Open to All '],0
164,https://unstop.com//creative-cultural-event/rising-stan-lee-amity-international-literature-festival-30-amity-university-au-noida-358235,https://d8it4huxumps7.cloudfront.net/uploads/images/opportunity/mobile_banner/629f20c643912_insta-ad.png?d=340x195, Rising Stan Lee  - Amity International Literature Festival 3.0 ," Amity University (AU), Noida ", 1 day left , 1 day left ,[' #cultural  #Open to All '],0
165,https://unstop.com//creative-cultural-event/book-cover-design-amity-international-literature-festival-30-amity-university-au-noida-358224,https://d8it4huxumps7.cloudfront.net/uploads/images/opportunity/mobile_banner/629f20c643912_insta-ad.png?d=340x195, Book Cover Design ," Amity University (AU), Noida ", 1 day left , 1 day left ,[' #cultural  #Open to All '],0
166,https://unstop.com//creative-cultural-event/chills-thrills-amity-international-literature-festival-30-amity-university-au-noida-358157,https://d8it4huxumps7.cloudfront.net/uploads/images/opportunity/mobile_banner/629f20c643912_insta-ad.png?d=340x195, Chills & Thrills  - Amity International Literature Festival 3.0 ," Amity University (AU), Noida ", 1 day left , 1 day left ,[' #cultural  #Open to All '],0
167,https://unstop.com//internship/hardware-engineering-internship-intel-358094,https://d8it4huxumps7.cloudfront.net/uploads/images/opportunity/mobile_banner/62a17daac1ec3_hardware-engineering-internship.png?d=340x195, Hardware Engineering Internship , Intel , 10  days left , 10  days left ,[' #Internships  #Graduate  #Engineering Students  #Postgraduate  #Undergraduate '],0
168,https://unstop.com//competition/crack-the-egg-challenge-prakriti-2022-indian-institute-of-technology-iit-kharagpur-358093,https://d8it4huxumps7.cloudfront.net/uploads/images/opportunity/mobile_banner/62a96f8ec984e_crack-the-egg-challenge.png?d=340x195, Crack The Egg Challenge   - Prakriti 2022 ," Indian Institute of Technology (IIT), Kharagpur ", 25  days left , 25  days left ,[' #competitions  #Graduate  #Undergraduate '],"90,000"
169,https://unstop.com//competition/art-of-elevator-pitch-the-business-plan-conclave-eximius-2022-iim-bangalores-entrepreneurship-summit-indian--357791,https://d8it4huxumps7.cloudfront.net/uploads/images/opportunity/mobile_banner/62a321e2c14c7_art-of-elevator-pitch-the-business-plan-conclave.png?d=340x195," Art of Elevator Pitch | The Business Plan Conclave  - Eximius 2022, IIM Bangalore's Entrepreneurship Summit "," Indian Institute of Management (IIM), Bangalore ", 7  days left , 7  days left ,[' #competitions  #Open to All '],0
170,https://unstop.com//competition/finworth-finance-and-valuation-eximius-2022-iim-bangalores-entrepreneurship-summit-indian-institute-of-manag-357788,https://d8it4huxumps7.cloudfront.net/uploads/images/opportunity/mobile_banner/62a325f9a1fc0_finworth-finance-and-valuation.png?d=340x195," FinWorth: Finance and Valuation  - Eximius 2022, IIM Bangalore's Entrepreneurship Summit "," Indian Institute of Management (IIM), Bangalore ", 3  days left , 3  days left ,[' #competitions  #Open to All '],0
171,https://unstop.com//competition/vista-2022-c-suite-vista-2022-iim-bangalores-international-business-summit-indian-institute-of-management-ii-357781,https://d8it4huxumps7.cloudfront.net/uploads/images/opportunity/mobile_banner/62ab7d18ad630_vista-2022-c-suite.jpg?d=340x195, Vista 2022: C-Suite  - Vista 2022 IIM Bangalore's International Business Summit ," Indian Institute of Management (IIM), Bangalore ", 18  days left , 18  days left ,[' #competitions  #Open to All '],"25,000"
172,https://unstop.com//competition/stock-it-up-stock-pitch-challenge-eximius-2022-iim-bangalores-entrepreneurship-summit-indian-institute-of-ma-357747,https://d8it4huxumps7.cloudfront.net/uploads/images/opportunity/mobile_banner/62a324b7ec652_stock-it-up.png?d=340x195," Stock It Up | Stock Pitch Challenge  - Eximius 2022, IIM Bangalore's Entrepreneurship Summit "," Indian Institute of Management (IIM), Bangalore ", 4  days left , 4  days left ,[' #competitions  #Open to All '],0
173,https://unstop.com//competition/havoc-marketing-case-study-eximius-2022-iim-bangalores-entrepreneurship-summit-indian-institute-of-managemen-357741,https://d8it4huxumps7.cloudfront.net/uploads/images/opportunity/mobile_banner/62a323ad5ef4c_havoc-marketing-case-study.png?d=340x195," Havoc | Marketing Case Study  - Eximius 2022, IIM Bangalore's Entrepreneurship Summit "," Indian Institute of Management (IIM), Bangalore ", 9  days left , 9  days left ,[' #competitions  #Open to All '],0
174,https://unstop.com//quiz/scholarship-quiz-for-mentorship-programs-pregrad-357737,https://d8it4huxumps7.cloudfront.net/lambda-pdfs/opportunity-bannerImages/1654754211.png?d=340x195, Scholarship Quiz for Mentorship Programs , Pregrad , 2 months left , 2 months left ,[' #quizzes  #Open to All '],0
175,https://unstop.com//job/software-developer-ii-sp-global-inc-357729,https://d8it4huxumps7.cloudfront.net/lambda-pdfs/opportunity-bannerImages/1654752458.png?d=340x195, Software Developer II , S&P Global Inc. , 10  days left , 10  days left ,[' #Jobs  #Open to All '],0
176,https://unstop.com//workshop/ms-webinar-santa-clara-university-santa-clara-university-santa-clara-california-357718,https://d8it4huxumps7.cloudfront.net/lambda-pdfs/opportunity-bannerImages/1654685983.png?d=340x195, MS Webinar - Santa Clara University ," Santa Clara University, Santa Clara, California ", 1 day left , 1 day left ,[' #Conferences  #Open to All '],0
177,https://unstop.com//competition/tezindia-hackathon-tezos-india-357710,https://d8it4huxumps7.cloudfront.net/uploads/images/opportunity/mobile_banner/62a320e841cd0_tezindia-hackathon.jpg?d=340x195, TezIndia Hackathon , Tezos India , 12  days left , 12  days left ,[' #competitions  #Open to All '],"42,550"
178,https://unstop.com//job/data-solutions-analyst-barclays-357697,https://d8it4huxumps7.cloudfront.net/uploads/images/opportunity/mobile_banner/62a06e3b42645_data-solutions-analyst.jpg?d=340x195, Data Solutions Analyst , Barclays , 10  days left , 10  days left ,[' #Jobs  #Corporate  #Graduate  #Postgraduate '],0
179,https://unstop.com//competition/intaglio-set-your-brand-apart-eximius-2022-iim-bangalores-entrepreneurship-summit-indian-institute-of-manage-357694,https://d8it4huxumps7.cloudfront.net/uploads/images/opportunity/mobile_banner/62a104dd6ec7c_intaglio-set-your-brand-apart.png?d=340x195," Intaglio | Set Your Brand Apart  - Eximius 2022, IIM Bangalore's Entrepreneurship Summit "," Indian Institute of Management (IIM), Bangalore ", 18  days left , 18  days left ,[' #competitions  #Open to All '],0
180,https://unstop.com//job/change-management-analyst-accenture-357693,https://d8it4huxumps7.cloudfront.net/uploads/images/opportunity/mobile_banner/62a06af67e00e_change-management-analyst.jpeg?d=340x195, Change Management Analyst , Accenture , 10  days left , 10  days left ,[' #Jobs  #Corporate  #Graduate  #Postgraduate '],0
181,https://unstop.com//competition/earn-the-dine-culinary-entrepreneurship-battle-eximius-2022-iim-bangalores-entrepreneurship-summit-indian-in-357684,https://d8it4huxumps7.cloudfront.net/uploads/images/opportunity/mobile_banner/62a0cdfe7d5d6_earn-the-dine-culinary-entrepreneurship-battle.png?d=340x195," Earn the Dine | Culinary Entrepreneurship Battle  - Eximius 2022, IIM Bangalore's Entrepreneurship Summit "," Indian Institute of Management (IIM), Bangalore ", 13  days left , 13  days left ,[' #competitions  #Open to All '],0
182,https://unstop.com//job/manager-marketing-operations-myntra-357683,https://d8it4huxumps7.cloudfront.net/uploads/images/opportunity/mobile_banner/62a0663b2e991_manager-marketing-operations.jpeg?d=340x195, Manager - Marketing Operations , Myntra , 10  days left , 10  days left ,[' #Jobs  #Corporate '],0
183,https://unstop.com//job/business-analyst-hsbc-357678,https://d8it4huxumps7.cloudfront.net/uploads/images/opportunity/mobile_banner/62a0634320431_business-analyst.jpeg?d=340x195, Business Analyst , HSBC , 2  days left , 2  days left ,[' #Jobs  #Corporate '],0
184,https://unstop.com//job/quality-assurance-allen-career-institute-kota-357676,https://d8it4huxumps7.cloudfront.net/lambda-pdfs/opportunity-bannerImages/1654751768.png?d=340x195, Quality Assurance ," ALLEN Career Institute, Kota ", 10  days left , 10  days left ,[' #Jobs  #Corporate '],0
185,https://unstop.com//competition/vyaparneeti-where-business-meets-policy-eximius-2022-iim-bangalores-entrepreneurship-summit-indian-institute-357135,https://d8it4huxumps7.cloudfront.net/uploads/images/opportunity/mobile_banner/62a0da46d9849_vyaparneeti-where-business-meets-policy.png?d=340x195, Vyaparneeti: Where Business meets Policy ," Indian Institute of Management (IIM), Bangalore ", 6  days left , 6  days left ,[' #competitions  #Open to All '],0
186,https://unstop.com//creative-cultural-event/picture-perfect-amity-international-literature-festival-30-amity-university-au-noida-357104,https://d8it4huxumps7.cloudfront.net/uploads/images/opportunity/mobile_banner/629f20c643912_insta-ad.png?d=340x195, Picture Perfect  - Amity International Literature Festival 3.0 ," Amity University (AU), Noida ", 1 day left , 1 day left ,[' #cultural  #Open to All '],0
187,https://unstop.com//creative-cultural-event/gryphons-and-gargoyles-amity-international-literature-festival-30-amity-university-au-noida-357101,https://d8it4huxumps7.cloudfront.net/uploads/images/opportunity/mobile_banner/629f20c643912_insta-ad.png?d=340x195, Gryphons and Gargoyles  - Amity International Literature Festival 3.0 ," Amity University (AU), Noida ", 2  days left , 2  days left ,[' #cultural  #Engineering Students  #Graduate  #MBA Students  #Postgraduate  #School Students  #Undergraduate '],0
188,https://unstop.com//job/software-developer-mena-technology-ey-ernst-young-357073,https://d8it4huxumps7.cloudfront.net/uploads/images/opportunity/mobile_banner/629f34d481dc6_software-developer-mena-technology.jpg?d=340x195, Software Developer - MENA Technology , EY (Ernst & Young) , 9  days left , 9  days left ,[' #Jobs  #Corporate '],0
189,https://unstop.com//creative-cultural-event/twitterature-amity-international-literature-festival-30-amity-university-au-noida-357063,https://d8it4huxumps7.cloudfront.net/uploads/images/opportunity/mobile_banner/629f43bfd40d3_twitterature.png?d=340x195, Twitterature  - Amity International Literature Festival 3.0 ," Amity University (AU), Noida ", 1 day left , 1 day left ,[' #cultural  #Open to All '],0
190,https://unstop.com//creative-cultural-event/insta-ad-amity-international-literature-festival-30-amity-university-au-noida-357061,https://d8it4huxumps7.cloudfront.net/uploads/images/opportunity/mobile_banner/629f20c643912_insta-ad.png?d=340x195, Insta AD  - Amity International Literature Festival 3.0 ," Amity University (AU), Noida ", 1 day left , 1 day left ,[' #cultural  #Open to All '],0
191,https://unstop.com//job/junior-python-developer-feng-group-357029,https://d8it4huxumps7.cloudfront.net/lambda-pdfs/opportunity-bannerImages/1654600441.png?d=340x195, Junior Python Developer , Feng Group , 9  days left , 9  days left ,[' #Jobs  #Engineering Students ']," 5,20,000 "
192,https://unstop.com//competition/critter-crusade-animal-care-with-business-acumen-eximius-2022-iim-bangalores-entrepreneurship-summit-indian--357026,https://d8it4huxumps7.cloudfront.net/uploads/images/opportunity/mobile_banner/62a3241550d11_critter-crusade.png?d=340x195," Critter Crusade | Animal Care with Business Acumen  - Eximius 2022, IIM Bangalore's Entrepreneurship Summit "," Indian Institute of Management (IIM), Bangalore ", 9  days left , 9  days left ,[' #competitions  #Open to All '],0
193,https://unstop.com//competition/techminator-product-management-case-competition-eximius-2022-iim-bangalores-entrepreneurship-summit-indian-i-357007,https://d8it4huxumps7.cloudfront.net/uploads/images/opportunity/mobile_banner/62a3266a7ca94_techminator-product-management-case-competition.png?d=340x195," Techminator: Product Management Case Competition  - Eximius 2022, IIM Bangalore's Entrepreneurship Summit "," Indian Institute of Management (IIM), Bangalore ", 12  days left , 12  days left ,[' #competitions  #Open to All '],0
194,https://unstop.com//competition/facility-for-low-carbon-technology-deployment-innovation-challenge-2022-cii-confederation-of-indian-industry-357000,https://d8it4huxumps7.cloudfront.net/lambda-pdfs/opportunity-bannerImages/1654669058.png?d=340x195, Facility for Low Carbon Technology Deployment - Innovation Challenge 2022 , CII - Confederation of Indian Industry , 11  days left , 11  days left ,[' #competitions  #Open to All '],0
195,https://unstop.com//competition/ipo-q-2022-pitch-an-ipo-eximius-2022-iim-bangalores-entrepreneurship-summit-indian-institute-of-management-i-356993,https://d8it4huxumps7.cloudfront.net/uploads/images/opportunity/mobile_banner/629f912e7596e_ipo-q-2022-pitch-an-ipo.png?d=340x195," IPO-Q 2022: Pitch an IPO  - Eximius 2022, IIM Bangalore's Entrepreneurship Summit "," Indian Institute of Management (IIM), Bangalore ", 4  days left , 4  days left ,[' #competitions  #Open to All '],0
196,https://unstop.com//competition/fashion-for-earth-sustainability-competition-eximius-2022-iim-bangalores-entrepreneurship-summit-indian-inst-356821,https://d8it4huxumps7.cloudfront.net/uploads/images/opportunity/mobile_banner/629f91a89c811_fashion-for-earth-sustainability-competition.png?d=340x195," Fashion for Earth | Sustainability Competition  - Eximius 2022, IIM Bangalore's Entrepreneurship Summit "," Indian Institute of Management (IIM), Bangalore ", 15  days left , 15  days left ,[' #competitions  #Open to All '],0
197,https://unstop.com//creative-cultural-event/refract-show-your-photography-skills-eximius-2022-iim-bangalores-entrepreneurship-summit-indian--356820,https://d8it4huxumps7.cloudfront.net/uploads/images/opportunity/mobile_banner/629f91f966523_refract-show-your-photography-skills.png?d=340x195," Refract | Show Your Photography Skills  - Eximius 2022, IIM Bangalore's Entrepreneurship Summit "," Indian Institute of Management (IIM), Bangalore ", 16  days left , 16  days left ,[' #cultural  #Open to All '],0
198,https://unstop.com//competition/anveshan-navudyog-explore-the-unexplored-business-plan-eximius-2022-iim-bangalores-entrepreneurship-summit-i-356814,https://d8it4huxumps7.cloudfront.net/uploads/images/opportunity/mobile_banner/62a321943481e_anveshan-explore-the-unexplored-business-plan.png?d=340x195," Anveshan Navudyog | Explore the Unexplored | Business Plan   - Eximius 2022, IIM Bangalore's Entrepreneurship Summit "," Indian Institute of Management (IIM), Bangalore ", 6  days left , 6  days left ,[' #competitions  #Open to All '],0
199,https://unstop.com//workshop/virtual-infosession-ms-in-financial-risk-management-university-of-connecticut-356632,https://d8it4huxumps7.cloudfront.net/lambda-pdfs/opportunity-bannerImages/1654511703.png?d=340x195, Virtual Infosession - MS in Financial Risk Management , University of Connecticut , 16  days left , 16  days left ,[' #Conferences  #Open to All '],0
200,https://unstop.com//competition/visago-30-pitch-your-thoughts-literary-challenge-eximius-2022-iim-bangalores-entrepreneurship-summit-indian--356624,https://d8it4huxumps7.cloudfront.net/uploads/images/opportunity/mobile_banner/62a332330838a_visago-30-pitch-your-thoughts-literary-challenge.png?d=340x195," Visago 3.0 | Pitch your thoughts | Literary challenge  - Eximius 2022, IIM Bangalore's Entrepreneurship Summit "," Indian Institute of Management (IIM), Bangalore ", 4  days left , 4  days left ,[' #competitions  #Open to All '],0
201,https://unstop.com//competition/foresight-flagship-consulting-case-competition-eximius-2022-iim-bangalores-entrepreneurship-summit-indian-in-356620,https://d8it4huxumps7.cloudfront.net/uploads/images/opportunity/mobile_banner/629e033b5e002_foresight-flagship-consulting-case-competition.png?d=340x195," Foresight | Flagship Consulting Case Competition  - Eximius 2022, IIM Bangalore's Entrepreneurship Summit "," Indian Institute of Management (IIM), Bangalore ", 6  days left , 6  days left ,[' #competitions  #Open to All '],0
202,https://unstop.com//internship/finance-supply-chain-internship-colgate-palmolive-india-limited-356617,https://d8it4huxumps7.cloudfront.net/uploads/images/opportunity/mobile_banner/629dca29b4474_cp-skin-health-internship-finance-and-supply-chain.jpg?d=340x195, Finance & Supply Chain Internship , Colgate-Palmolive (India) Limited , 8  days left , 8  days left ,[' #Internships  #Graduate  #Postgraduate  #Undergraduate '],0
203,https://unstop.com//internship/sales-ops-collections-claim-internship-sony-356614,https://d8it4huxumps7.cloudfront.net/uploads/images/opportunity/mobile_banner/629dc7e9430f5_sales-ops-collections-and-claim-internship.jpeg?d=340x195, Sales Ops Collections & Claim Internship , Sony , 8  days left , 8  days left ,[' #Internships  #Graduate  #Postgraduate  #Undergraduate '],0
204,https://unstop.com//internship/new-initiatives-internship-klub-356612,https://d8it4huxumps7.cloudfront.net/lambda-pdfs/opportunity-bannerImages/1654512089.png?d=340x195, New Initiatives Internship , Klub , 8  days left , 8  days left ,[' #Internships  #Graduate  #Postgraduate  #Undergraduate '],0
205,https://unstop.com//internship/talent-acquistion-internship-zeta-suite-356574,https://d8it4huxumps7.cloudfront.net/uploads/images/opportunity/mobile_banner/629dc26602c3f_talent-acquistion-internship.jpg?d=340x195, Talent Acquistion Internship , Zeta Suite , 8  days left , 8  days left ,[' #Internships  #Graduate  #Postgraduate  #Undergraduate '],0
206,https://unstop.com//job/cloud-infrastructure-researcher-microsoft-356459,https://d8it4huxumps7.cloudfront.net/uploads/images/opportunity/mobile_banner/629da9652383c_researcher-cloud-infrastructure.jpeg?d=340x195, Cloud Infrastructure Researcher , Microsoft , 8  days left , 8  days left ,[' #Jobs  #Corporate  #Graduate  #Postgraduate '],0
207,https://unstop.com//job/technical-writer-engineering-education-google-356457,https://d8it4huxumps7.cloudfront.net/uploads/images/opportunity/mobile_banner/629da82a42fc6_technical-writer-engineering-education.jpeg?d=340x195, Technical Writer (Engineering Education) , Google , 8  days left , 8  days left ,[' #Jobs  #Corporate  #Graduate  #Postgraduate '],0
208,https://unstop.com//competition/photography-and-videography-contest-2022-animals-water-bowl-project-356456,https://d8it4huxumps7.cloudfront.net/uploads/images/opportunity/mobile_banner/629da7b82f2ad_photography-and-videography-contest-2022-by-awbp-trust.jpg?d=340x195, Photography and Videography Contest 2022  , Animals Water Bowl Project , 26  days left , 26  days left ,[' #competitions  #Open to All '],"10,000"
209,https://unstop.com//job/data-analyst-myntra-356444,https://d8it4huxumps7.cloudfront.net/lambda-pdfs/opportunity-bannerImages/1654500156.png?d=340x195, Data Analyst , Myntra , 8  days left , 8  days left ,[' #Jobs  #Corporate  #Graduate  #Postgraduate '],0
210,https://unstop.com//competition/dent-tech-de9to-356414,https://d8it4huxumps7.cloudfront.net/lambda-pdfs/opportunity-bannerImages/1655099015.png?d=340x195, Dent-Tech , De9to , 4  days left , 4  days left ,[' #competitions  #Open to All '],"10,000"
211,https://unstop.com//workshop/young-entrepreneur-program-yep-eximius-2022-iim-bangalores-entrepreneurship-summit-indian-institute-of-manageme-356180,https://d8it4huxumps7.cloudfront.net/uploads/images/opportunity/mobile_banner/629d16953d749_young-entrepreneur-program-yep.png?d=340x195, Young Entrepreneur Program (YEP) ," Indian Institute of Management (IIM), Bangalore ", 14  days left , 14  days left ,[' #Conferences  #Open to All '],0
212,https://unstop.com//competition/marksman-call-for-articles-june-edition-2022-k-j-somaiya-institute-of-management-kj-sim-mumbai-355883,https://d8it4huxumps7.cloudfront.net/lambda-pdfs/opportunity-bannerImages/1654516529.png?d=340x195, Marksman Call for Articles - June Edition 2022 ," K J Somaiya Institute of Management (KJ SIM), Mumbai ", 4  days left , 4  days left ,[' #competitions  #MBA Students  #Undergraduate '],500
213,https://unstop.com//workshop/1-1-personalized-mentorship-session-industry-experts-skilled-sapiens-355782,https://d8it4huxumps7.cloudfront.net/uploads/images/opportunity/mobile_banner/629cb1efb17e7_1-1-personalized-mentorship-session-industry-experts.png?d=340x195, 1-1 Personalized Mentorship Session || Industry Experts , Skilled Sapiens , 10  days left , 10  days left ,[' #Conferences  #Open to All '],0
214,https://unstop.com//creative-cultural-event/all-india-ludo-tournament-indian-institute-of-technology-iit-delhi-355683,https://d8it4huxumps7.cloudfront.net/uploads/images/opportunity/mobile_banner/62a60453adffa_all-india-ludo-tournament.png?d=340x195, All India Ludo Tournament  ," Indian Institute of Technology (IIT), Delhi ", 25  days left , 25  days left ,[' #cultural  #Open to All '],"1,750"
215,https://unstop.com//competition/samvad-call-for-articles-automation-in-banking-prin-ln-welingkar-institute-of-management-development-and-res-355454,https://d8it4huxumps7.cloudfront.net/uploads/images/opportunity/mobile_banner/629c56871f4b5_samvad-call-for-articles-automation-in-banking.png?d=340x195, Samvad: Call for Articles | Automation in Banking ," Prin. L.N. Welingkar Institute of Management Development and Research, Mumbai (WeSchool) ", 7  days left , 7  days left ,[' #competitions  #MBA Students '],"1,300"
216,https://unstop.com//internship/project-management-internship-fabguard-355321,https://d8it4huxumps7.cloudfront.net/lambda-pdfs/opportunity-bannerImages/1654489284.png?d=340x195, Project Management Internship , Fabguard , 1 day left , 1 day left ,[' #Internships  #Open to All '],"3,000"
217,https://unstop.com//internship/finance-internship-amazon-355229,https://d8it4huxumps7.cloudfront.net/uploads/images/opportunity/mobile_banner/629ba8ee2ee69_finance-internship-devices-services.jpg?d=340x195, Finance Internship , Amazon , 6  days left , 6  days left ,[' #Internships  #Graduate  #Postgraduate  #Undergraduate '],0
218,https://unstop.com//internship/finance-internship-argo-group-355228,https://d8it4huxumps7.cloudfront.net/uploads/images/opportunity/mobile_banner/629ba8026e9e7_finance-internship.png?d=340x195, Finance Internship , Argo Group , 6  days left , 6  days left ,[' #Internships  #Graduate  #Postgraduate  #Undergraduate '],0
219,https://unstop.com//competition/call-for-articles-june-marque-indian-institute-of-management-iim-rohtak-355227,https://d8it4huxumps7.cloudfront.net/lambda-pdfs/opportunity-bannerImages/1654368602.png?d=340x195, Call for Articles: June (Marque) ," Indian Institute of Management (IIM), Rohtak ", 11  days left , 11  days left ,[' #competitions  #Open to All '],300
220,https://unstop.com//internship/sox-compliance-internship-american-airlines-355226,https://d8it4huxumps7.cloudfront.net/uploads/images/opportunity/mobile_banner/629ba730482aa_sox-compliance-internship.jpg?d=340x195, SOX Compliance Internship , American Airlines , 6  days left , 6  days left ,[' #Internships  #Graduate  #Postgraduate  #Undergraduate '],0
221,https://unstop.com//internship/itro-internship-ocwen-355223,https://d8it4huxumps7.cloudfront.net/uploads/images/opportunity/mobile_banner/629ba2fc4d2ef_itro-internship.jpeg?d=340x195, ITRO Internship , Ocwen , 6  days left , 6  days left ,[' #Internships  #Graduate  #Postgraduate '],0
222,https://unstop.com//internship/market-research-outreach-internship-indian-institute-of-digital-education-355222,https://d8it4huxumps7.cloudfront.net/lambda-pdfs/opportunity-bannerImages/1654423102.png?d=340x195, Market Research & Outreach Internship , Indian Institute of Digital Education , 6  days left , 6  days left ,[' #Internships  #Graduate  #Postgraduate  #Undergraduate '],0
223,https://unstop.com//internship/academic-content-developing-internship-indian-institute-of-digital-education-355221,https://d8it4huxumps7.cloudfront.net/lambda-pdfs/opportunity-bannerImages/1654422948.png?d=340x195, Academic Content Developing Internship , Indian Institute of Digital Education , 6  days left , 6  days left ,[' #Internships  #Graduate  #Postgraduate  #Undergraduate '],0
224,https://unstop.com//internship/graphic-designing-internship-indian-institute-of-digital-education-355189,https://d8it4huxumps7.cloudfront.net/lambda-pdfs/opportunity-bannerImages/1654420639.png?d=340x195, Graphic Designing Internship , Indian Institute of Digital Education , 6  days left , 6  days left ,[' #Internships  #Graduate  #Postgraduate  #Undergraduate '],0
225,https://unstop.com//internship/finance-internship-bettercom-355188,https://d8it4huxumps7.cloudfront.net/uploads/images/opportunity/mobile_banner/629b9ec118a06_finance-internship.jpeg?d=340x195, Finance Internship , Better.com , 6  days left , 6  days left ,[' #Internships  #Graduate  #Postgraduate  #Undergraduate '],0
226,https://unstop.com//hackathon/dsa-an-essential-component-for-placement-emancipation-edutech-private-limited-355061,https://d8it4huxumps7.cloudfront.net/uploads/images/opportunity/mobile_banner/629f34a3579c8_dsa-an-essential-component-for-placement.png?d=340x195, DSA - An Essential Component for Placement , Emancipation Edutech Private Limited , 3  days left , 3  days left ,[' #hackathons  #Open to All '],"3,500"
227,https://unstop.com//internship/fundraising-internship-sk-children-foundation-354665,https://d8it4huxumps7.cloudfront.net/lambda-pdfs/opportunity-bannerImages/1655186071.png?d=340x195, Fundraising Internship , SK Children Foundation , 19  days left , 19  days left ,[' #Internships  #Open to All '],0
228,https://unstop.com//job/video-editor-cum-designer-unstop-354662,https://d8it4huxumps7.cloudfront.net/lambda-pdfs/opportunity-bannerImages/1655109672.png?d=340x195, Video Editor Cum Designer , Unstop , 9 hours left , 9 hours left ,[' #Jobs  #Corporate ']," 6,00,000 "
229,https://unstop.com//job/quality-assurance-qa-tester-unstop-354660,https://d8it4huxumps7.cloudfront.net/lambda-pdfs/opportunity-bannerImages/1655109437.png?d=340x195, Quality Assurance (QA Tester) , Unstop , 9 hours left , 9 hours left ,[' #Jobs  #Corporate '],0
230,https://unstop.com//job/supply-chain-data-and-reporting-analyst-pepsico-354375,https://d8it4huxumps7.cloudfront.net/uploads/images/opportunity/mobile_banner/629aefeb2a8aa_supply-chain-data-and-reporting-analyst.png?d=340x195, Supply Chain Data and Reporting Analyst , PepsiCo , 6  days left , 6  days left ,[' #Jobs  #Corporate  #Graduate  #Postgraduate '],0
231,https://unstop.com//internship/sales-internship-ge-appliances-353872,https://d8it4huxumps7.cloudfront.net/uploads/images/opportunity/mobile_banner/629a31f531bf9_sales-co-op-internship.gif?d=340x195, Sales Internship , GE Appliances , 5  days left , 5  days left ,[' #Internships  #Graduate  #Postgraduate  #Undergraduate '],0
232,https://unstop.com//internship/deal-desk-internship-zscaler-353868,https://d8it4huxumps7.cloudfront.net/uploads/images/opportunity/mobile_banner/629a304ee4987_deal-desk-executive-internship.jpeg?d=340x195, Deal Desk Internship , Zscaler , 5  days left , 5  days left ,[' #Internships  #Graduate  #Postgraduate  #Undergraduate '],0
233,https://unstop.com//internship/trainee-engineer-hardware-thales-group-353835,https://d8it4huxumps7.cloudfront.net/uploads/images/opportunity/mobile_banner/629a2c8f0e206_trainee-engineer-hardware.jpg?d=340x195, Trainee Engineer - Hardware , Thales Group , 5  days left , 5  days left ,[' #Internships  #Engineering Students  #Graduate  #Postgraduate  #Undergraduate '],0
234,https://unstop.com//conference/international-model-united-nations-2022-international-mun-international-model-united-nations-353477,https://d8it4huxumps7.cloudfront.net/lambda-pdfs/opportunity-bannerImages/1654586718.png?d=340x195, International Model United Nations 2022 (International MUN) , International Model United Nations , 12  days left , 12  days left ,[' #conferences  #Open to All '],0
235,https://unstop.com//job/analytics-associate-wells-fargo-353451,https://d8it4huxumps7.cloudfront.net/uploads/images/opportunity/mobile_banner/6299f4d8b4f9f_analytics-associate.jpeg?d=340x195, Analytics Associate , Wells Fargo , 5  days left , 5  days left ,[' #Jobs  #Corporate  #Graduate  #Postgraduate '],0
236,https://unstop.com//internship/business-development-internship-pregrad-pvt-ltd-353307,https://d8it4huxumps7.cloudfront.net/lambda-pdfs/opportunity-bannerImages/1654253611.png?d=340x195, Business Development Internship , Pregrad , 10  days left , 10  days left ,[' #Internships  #Engineering Students  #MBA Students  #Undergraduate ']," 1,44,000 "
237,https://unstop.com//workshop/become-the-rocket-singh-of-your-batch-juno-school-of-business-gurugram-haryana-353241,https://d8it4huxumps7.cloudfront.net/uploads/images/opportunity/mobile_banner/6299e4ee7ea77_become-the-rocket-singh-of-your-batch.png?d=340x195, Become the Rocket Singh of Your Batch ," Juno School of Business, Gurugram, Haryana ", 1 month left , 1 month left ,[' #Conferences  #Open to All '],0
238,https://unstop.com//competition/thinkly-short-stories-competition-thinkly-352991,https://d8it4huxumps7.cloudfront.net/uploads/images/opportunity/mobile_banner/629aebc57d9ad_thinkly-short-stories.jpeg?d=340x195, Thinkly Short Stories Competition , Thinkly , 25  days left , 25  days left ,[' #competitions  #Open to All '],"47,000"
239,https://unstop.com//competition/pixstory-a-summer-to-remember-pixstory-interface-network-it-pvt-ltd-352846,https://d8it4huxumps7.cloudfront.net/lambda-pdfs/opportunity-bannerImages/1654248219.png?d=340x195, Pixstory: A Summer to Remember  , Pixstory Interface Network & IT Pvt Ltd , 11  days left , 11  days left ,[' #competitions  #Open to All '],"3,000"
240,https://unstop.com//internship/verification-integration-internship-nokia-352553,https://d8it4huxumps7.cloudfront.net/uploads/images/opportunity/mobile_banner/6298decde6b3c_student-internship-verification-integration-cmm-rd.jpg?d=340x195, Verification & Integration Internship , Nokia , 4  days left , 4  days left ,[' #Internships  #Graduate  #Postgraduate  #Undergraduate '],0
241,https://unstop.com//internship/industrial-trainee-internship-henkel-352552,https://d8it4huxumps7.cloudfront.net/uploads/images/opportunity/mobile_banner/6298ddd1875c7_industrial-trainee.jpeg?d=340x195, Industrial Trainee Internship , Henkel , 4  days left , 4  days left ,[' #Internships  #Graduate  #Postgraduate  #Undergraduate '],0
242,https://unstop.com//internship/fundraising-manager-internship-engineers-cradle-352284,https://d8it4huxumps7.cloudfront.net/lambda-pdfs/opportunity-bannerImages/1654177019.png?d=340x195, Fundraising Manager Internship , Engineer's Cradle , 10  days left , 10  days left ,[' #Internships  #Open to All '],0
243,https://unstop.com//internship/pregrad-campus-internship-pregrad-352221,https://d8it4huxumps7.cloudfront.net/lambda-pdfs/opportunity-bannerImages/1654176469.png?d=340x195, Pregrad Campus Internship , Pregrad , 5  days left , 5  days left ,[' #Internships  #Engineering Students  #MBA Students  #Undergraduate  #School Students '],0
244,https://unstop.com//internship/finance-internship-siemens-352142,https://d8it4huxumps7.cloudfront.net/lambda-pdfs/opportunity-bannerImages/1654174072.png?d=340x195, Finance Internship , Siemens , 3  days left , 3  days left ,[' #Internships  #Undergraduate '],0
245,https://unstop.com//internship/video-editing-internship-startup-media-352135,https://d8it4huxumps7.cloudfront.net/lambda-pdfs/opportunity-bannerImages/1654165431.png?d=340x195, Video Editing Internship , Startup Media , 3  days left , 3  days left ,[' #Internships  #Graduate '],0
246,https://unstop.com//internship/marketing-internship-iasys-technology-solutions-pvt-ltd-352133,https://d8it4huxumps7.cloudfront.net/lambda-pdfs/opportunity-bannerImages/1654176709.png?d=340x195, Marketing Internship , iASYS Technology Solutions Pvt. Ltd. , 1 day left , 1 day left ,[' #Internships  #Graduate '],0
247,https://unstop.com//internship/marketing-internship-moksh-overseas-education-consultants-352126,https://d8it4huxumps7.cloudfront.net/lambda-pdfs/opportunity-bannerImages/1654262324.png?d=340x195, Marketing Internship , MOKSH  Overseas Education Consultants , 10  days left , 10  days left ,[' #Internships  #Open to All '],0
248,https://unstop.com//competition/national-case-study-challenge-season-3-business-hub-352123,https://d8it4huxumps7.cloudfront.net/uploads/images/opportunity/mobile_banner/629b228a69503_national-case-study-challenge-season-3.png?d=340x195, National Case Study Challenge: Season 3 , Business Hub , 1 day left , 1 day left ,[' #competitions  #Open to All '],"10,000"
249,https://unstop.com//internship/legal-internship-phonepe-352025,https://d8it4huxumps7.cloudfront.net/uploads/images/opportunity/mobile_banner/6298dd0cb3b97_legal-internship-template.png?d=340x195, Legal Internship , PhonePe , 4  days left , 4  days left ,[' #Internships  #Graduate  #Postgraduate  #Undergraduate '],0
250,https://unstop.com//workshop/career-up-pracup-351070,https://d8it4huxumps7.cloudfront.net/uploads/images/opportunity/mobile_banner/62975e1f2f393_career-up.png?d=340x195, Career Up , PracUp , 5  days left , 5  days left ,[' #Conferences  #Open to All '],0
251,https://unstop.com//scholarship/women-in-stem-scholarship-mpower-financing-350964,https://d8it4huxumps7.cloudfront.net/lambda-pdfs/opportunity-bannerImages/1654084061.png?d=340x195, Women in STEM Scholarship , MPower Financing , 25  days left , 25  days left ,[' #scholarships  #Open to All '],0
252,https://unstop.com//scholarship/faea-scholarship-2022-23-foundation-for-academic-excellence-and-access-faea-india-350799,https://d8it4huxumps7.cloudfront.net/lambda-pdfs/opportunity-bannerImages/1654079834.png?d=340x195, FAEA Scholarship 2022-23 , Foundation for Academic Excellence and Access (FAEA) India , 10  days left , 10  days left ,[' #scholarships  #Undergraduate '],0
253,https://unstop.com//workshop/start-up-pitch-practice-session-by-dilnawaz-khan-halloclub-350734,https://d8it4huxumps7.cloudfront.net/lambda-pdfs/opportunity-bannerImages/1654080738.png?d=340x195, Start-Up Pitch Practice Session by Dilnawaz Khan , Halloclub , 8  days left , 8  days left ,[' #Conferences  #Open to All '],0
254,https://unstop.com//internship/uxui-design-internship-fall-2022-cargill-350717,https://d8it4huxumps7.cloudfront.net/uploads/images/opportunity/mobile_banner/6297220f0680d_uxui-design-internship-fall-2022.jpeg?d=340x195, UX/UI Design Internship (Fall 2022) , Cargill , 3  days left , 3  days left ,[' #Internships  #Graduate  #Postgraduate  #Undergraduate '],0
255,https://unstop.com//internship/digital-marketing-internship-rds-digital-350712,https://d8it4huxumps7.cloudfront.net/lambda-pdfs/opportunity-bannerImages/1654089335.png?d=340x195, Digital Marketing Internship , RDS Digital , 2  days left , 2  days left ,[' #Internships  #Graduate '],0
256,https://unstop.com//internship/brand-internship-farfetch-350711,https://d8it4huxumps7.cloudfront.net/uploads/images/opportunity/mobile_banner/62971e0493f84_brand-internship.jpeg?d=340x195, Brand Internship , Farfetch , 3  days left , 3  days left ,[' #Internships  #Graduate '],0
257,https://unstop.com//internship/audit-services-internship-ey-ernst-young-350708,https://d8it4huxumps7.cloudfront.net/uploads/images/opportunity/mobile_banner/62971b2f2b303_audit-services-internship.jpeg?d=340x195, Audit Services Internship , EY (Ernst & Young) , 3  days left , 3  days left ,[' #Internships  #Graduate  #Postgraduate  #Undergraduate '],0
258,https://unstop.com//internship/data-science-internship-discover-dollar-350705,https://d8it4huxumps7.cloudfront.net/lambda-pdfs/opportunity-bannerImages/1654087998.png?d=340x195, Data Science Internship , Discover Dollar , 3  days left , 3  days left ,[' #Internships  #Graduate '],0
259,https://unstop.com//internship/digital-marketing-internship-stradver-350703,https://d8it4huxumps7.cloudfront.net/lambda-pdfs/opportunity-bannerImages/1654088711.png?d=340x195, Digital Marketing Internship , Stradver , 2  days left , 2  days left ,[' #Internships  #Graduate '],0
260,https://unstop.com//internship/php-internship-opalina-technologies-pvt-ltd-350697,https://d8it4huxumps7.cloudfront.net/lambda-pdfs/opportunity-bannerImages/1654088380.png?d=340x195, PHP Internship , Opalina Technologies Pvt. Ltd. , 2  days left , 2  days left ,[' #Internships  #Engineering Students '],0
261,https://unstop.com//job/professional-services-associate-global-trade-thomson-reuters-350689,https://d8it4huxumps7.cloudfront.net/uploads/images/opportunity/mobile_banner/62970ed30e28a_professional-services-associate-global-trade-contract-to-hire.jpeg?d=340x195, Professional Services Associate (Global Trade) , Thomson Reuters , 3  days left , 3  days left ,[' #Jobs  #Corporate  #Graduate  #Postgraduate '],0
262,https://unstop.com//job/data-architect-ibm-350682,https://d8it4huxumps7.cloudfront.net/uploads/images/opportunity/mobile_banner/62970a761d327_data-architect.jpeg?d=340x195, Data Architect , IBM , 3  days left , 3  days left ,[' #Jobs  #Corporate  #Graduate  #Postgraduate '],0
263,https://unstop.com//job/assistant-manager-marketing-management-american-express-350678,https://d8it4huxumps7.cloudfront.net/uploads/images/opportunity/mobile_banner/629708570867e_business-analyst-assistant-manager-marketing-management-management.jpg?d=340x195, Assistant Manager (Marketing Management) , American Express , 3  days left , 3  days left ,[' #Jobs  #Corporate  #Postgraduate '],0
